-- MySQL dump 10.13  Distrib 5.5.35, for debian-linux-gnu (x86_64)
--
-- Host: localhost    Database: rawtapes
-- ------------------------------------------------------
-- Server version	5.5.35-1ubuntu1

/*!40101 SET @OLD_CHARACTER_SET_CLIENT=@@CHARACTER_SET_CLIENT */;
/*!40101 SET @OLD_CHARACTER_SET_RESULTS=@@CHARACTER_SET_RESULTS */;
/*!40101 SET @OLD_COLLATION_CONNECTION=@@COLLATION_CONNECTION */;
/*!40101 SET NAMES utf8 */;
/*!40103 SET @OLD_TIME_ZONE=@@TIME_ZONE */;
/*!40103 SET TIME_ZONE='+00:00' */;
/*!40014 SET @OLD_UNIQUE_CHECKS=@@UNIQUE_CHECKS, UNIQUE_CHECKS=0 */;
/*!40014 SET @OLD_FOREIGN_KEY_CHECKS=@@FOREIGN_KEY_CHECKS, FOREIGN_KEY_CHECKS=0 */;
/*!40101 SET @OLD_SQL_MODE=@@SQL_MODE, SQL_MODE='NO_AUTO_VALUE_ON_ZERO' */;
/*!40111 SET @OLD_SQL_NOTES=@@SQL_NOTES, SQL_NOTES=0 */;

--
-- Table structure for table `artists`
--

DROP TABLE IF EXISTS `artists`;
/*!40101 SET @saved_cs_client     = @@character_set_client */;
/*!40101 SET character_set_client = utf8 */;
CREATE TABLE `artists` (
  `artist_id` int(50) NOT NULL AUTO_INCREMENT,
  `name` varchar(250) COLLATE utf8_bin NOT NULL,
  `url` varchar(250) COLLATE utf8_bin NOT NULL,
  `header_text_url` varchar(250) COLLATE utf8_bin NOT NULL,
  `profile_pic_url` varchar(250) COLLATE utf8_bin NOT NULL,
  `bio` text COLLATE utf8_bin NOT NULL,
  `sound_cloud_url` varchar(250) COLLATE utf8_bin NOT NULL,
  `band_camp_url` varchar(250) COLLATE utf8_bin NOT NULL,
  `twitter_url` varchar(250) COLLATE utf8_bin NOT NULL,
  `facebook_url` varchar(250) COLLATE utf8_bin NOT NULL,
  `random_artist_pic` varchar(250) COLLATE utf8_bin NOT NULL,
  PRIMARY KEY (`artist_id`)
) ENGINE=InnoDB AUTO_INCREMENT=26 DEFAULT CHARSET=utf8 COLLATE=utf8_bin;
/*!40101 SET character_set_client = @saved_cs_client */;

--
-- Dumping data for table `artists`
--

LOCK TABLES `artists` WRITE;
/*!40000 ALTER TABLE `artists` DISABLE KEYS */;
INSERT INTO `artists` VALUES (2,'Mo Rayon','morayon','df3ce-morayon.png','b1679-morays.png','<p>\n	Growing up north in israel, kind of secluded, running in the forests and the valleys beatboxing in school, Mo started flirting with music in early 2008, being influenced by all kinds of dozed off sounds,experimental music, and romanticism he has sharpend his edge over the years and began producing a more refined version of his unique take on hip hop.</p>\n<p>\n	Most recently joining raw tapes, <span class=\"_5yl5\" data-reactid=\".1n0.$mid=11408623241686=2a07b275df1c96ad959.2:0.0.0.0.0\"><span class=\"null\">he began collaboration with different members of the crew, creating various tracks and EPs, all with his unique abstract touch &amp; hazey vocals</span></span></p>\n<p>\n	&nbsp;</p>\n','https://soundcloud.com/morayon','','','https://www.facebook.com/morayon',''),(3,'Playdead','playdead','c4fb7-playdead.png','5d623-playdread.png','<p>\n	Playdead is out of the grave and back in the game.</p>\n<p>\n	This engimatic and mystic duo rocks and bangs with all hands moving.</p>\n<p>\n	&nbsp;</p>\n','','','','https://www.facebook.com/playdeadRAWTAPES',''),(4,'Guadaloop / Rejoicer','guada','a50c3-rejguad.png','db86e-rej.png','<p>\n	<span class=\"_5yl5\" data-reactid=\".2v.$mid=11408613071782=2be31ce5f0489d8b450.2:0.0.0.0.0\"><span class=\"null\">Yuval Havkin aka Rejoicer is one of Tel Aviv&rsquo;s busiest producers and founder of the Raw Tapes label, home to Israel&rsquo;s own beat movement. </span></span></p>\n<p>\n	<span class=\"_5yl5\" data-reactid=\".2v.$mid=11408613071782=2be31ce5f0489d8b450.2:0.0.0.0.0\"><span class=\"null\">He was born in London and moved to Tel Aviv at the age of 5. He began collecting vinyl at the age of 14, and started his way in the music world as a Jungle/Drum&amp;Bass artist in 2006. He later moved on to hip hop, and produced beat tapes under the Guadaloop moniker.</span></span></p>\n<p>\n	<span class=\"_5yl5\" data-reactid=\".2v.$mid=11408613071782=2be31ce5f0489d8b450.2:0.0.0.0.0\"><span class=\"null\">After finding a crew of like minded beat makers from around the city, Rejoicer founded the Raw Tapes Label in 2009. </span></span></p>\n<p>\n	<span class=\"_5yl5\" data-reactid=\".2v.$mid=11408613071782=2be31ce5f0489d8b450.2:0.0.0.0.0\"><span class=\"null\">Since then he released more then 20 albums under all different aliases. In 2011 Rejoicer started the band Buttering Trio with KerenDun and Beno Hendler and released Toast LP. the trio played shows with Oh No &amp; DJ Romes, Black Milk, Peanut Butter Wolf, Hudson Mohawke and more. He has collaborated with Free The Robots, Dudley Perkins &amp; Georgia Anne Muldrow, Bajka, Balkan Beat Box, Ester Rada, Cohenbeats and many more, and continues to be one of Tel Aviv&rsquo;s most interesting artists</span></span></p>\n','https://soundcloud.com/rejoicer','','','https://www.facebook.com/pages/Rejoicer/112958008718165',''),(5,'KerenDun','kerendun','dc899-kerendun.png','acb64-kd.png','<p>\n	When not co-producing and singing for Buttering trio, Kerendun makes beats. And shes damn good at it too.</p>\n<p>\n	We&#39;re not quite sure where she gets her influences from, But it seems like a head on collision of african rhytmes with jazzy electronics, Lots of precussion and soft synths. sounds like a blessing.</p>\n','https://soundcloud.com/kerendun','','','https://www.facebook.com/pages/KerenDun/624735250910497',''),(6,'Sinez','sinez','18ee7-sinez.png','7f53f-dubzsinez.png','<p>\n	A contemporery hip-hop producer, Sinez brings forth an innovative mixture of new and old notions of hip-hop.</p>\n<p>\n	While mostly influenced by Madlib and Jay Dilla, Sinez incorporates a variety of different flavors in underground music, such as reggae, jungle, techno, and bass music in general.</p>\n<p>\n	With grooves set on the ninties vibes and booming compressed synth bass, Sinez tierlessly works on his vision for the continuity of hip hop.</p>\n','','','','',''),(7,'L.B.T','LBT','6fee2-lbt.png','','<p>\n	Live Beat Tapes is a new concept that revolves around a collection of talents devoting themselves to the making of one long track.<br />\n	The basic idea is building original beats with mostly acoustic instruments. A very collective way of thinking and the use of friendship and sharing among the music scene in Israel results in one of the freshest sounds around.</p>\n','https://soundcloud.com/live-beat-tapes','https://www.youtube.com/channel/UCspUrCfb7quRgf53vZ4KEuA','','https://www.facebook.com/livebeattapes',''),(8,'Luqman','luqman','aad4a-luqman.png','3011f-luq.png','<p>\n	A jazz guitarist coming from a musical background of mostly punk and jazz - what could go wrong?</p>\n<p>\n	Coming across J Dilla and Madlib beats at some point in his life made him drop the guitar and pick up some drum pads, bang some hot beats and rejuvinate our ear sets.</p>\n','https://soundcloud.com/the_luqman','','','https://www.facebook.com/Luqmanbeats','e0105-hp_luqman.png'),(9,'CohenBeats','cohen','a36a7-cohen.png','1b7b9-cohen.png','<p>\n	<span class=\"_5yl5\" data-reactid=\".1n0.$mid=11408619112360=20f787ea71fb29b2150.2:0.0.0.0.0\"><span class=\"null\">Michael Cohen, AKA Cohenbeats, started his musical career at 17, rapping and making beats as part of the local Israeli Hip Hop trio Cohen@Mushon. Influenced by the Native Tongue movement, the band introduced a new style of Tel Aviv hip hop, and achieved mainstream success with 2 albums, extensive tours and even a radio smash hit.</span></span></p>\n<p>\n	<span class=\"_5yl5\" data-reactid=\".1n0.$mid=11408619112360=20f787ea71fb29b2150.2:0.0.0.0.0\"><span class=\"null\">In 2008 Cohen took part in the Red Bull Music Academy in Barcelona. This experience first exposed him to the worldwide beat movement and connected him with people like Dorian Concept, Teebs and Fatima. Cohen began developing his production style and making instrumental Hip Hop. in 2011, Cohen@Mushon decided to take a hiatus, and Cohen relocated to LA, where he connected with the local scene, working with local talents like Samiyam, Mndsgn, Shafiq Husayn and Open Mike Eagle</span></span><span class=\"_5yl5\" data-reactid=\".1n0.$mid=11408619112360=20f787ea71fb29b2150.2:0.0.0.0.0\"><span class=\"null\">.</span></span></p>\n<p>\n	<span class=\"_5yl5\" data-reactid=\".1n0.$mid=11408619112360=20f787ea71fb29b2150.2:0.0.0.0.0\"><span class=\"null\">Still feeling a deep bond to his homeland and a will to present a unique sound, he released Milk &amp; Honey Vol.1, an instrumental beat album based solely on Israeli samples, via the Tel Aviv Raw Tapes label. He also teamed up with rapper/producer Jeremiah Jae, for a joint EP called pennies (released 2014 on YellowMask).</span></span></p>\n<p>\n	<span class=\"_5yl5\" data-reactid=\".1n0.$mid=11408619112360=20f787ea71fb29b2150.2:0.0.0.0.0\"><span class=\"null\">in 2014, Cohen returned to his hometown of Tel Aviv. He released &ldquo;Thank You Los Angeles&rdquo;, a free beat tape containing his best work from his time in LA, and also released a solo rap EP called rap, featuring some beats from his LA friends. He is currently working on Milk &amp; Honey Vol. 2 and plotting his return to the city of angels&hellip;</span></span></p>\n','https://soundcloud.com/cohenbeatsaredope','http://cohenraps.bandcamp.com/','','https://www.facebook.com/cohenbeatsaredope','db064-hp_cohenbeats.png'),(10,'Mad Steve','madsteve','b6ba6-madsteve.png','','<p>\n	This french monster dosen&#39;t really care about anything but beats and 70s electronic space synths.</p>\n<p>\n	Taking cold, ambient synthslines and cutting them into soulful - swinging beats, is what we call the perfection in imperfections.</p>\n','https://soundcloud.com/mad-steve','http://madaya.bandcamp.com/','','',''),(11,'Jengo','jengo','5c249-jengo.png','','','','','','https://www.facebook.com/ohjengo',''),(12,'Nomok','Nomok','89ce6-nomok.png','03504-nom.png','<p>\n	<span class=\"_5yl5\" data-reactid=\".21.$mid=11408613208895=2ee9b1bcf5e61fb7508.2:0.0.0.0.0\"><span class=\"null\">A pianist at heart with a straight-ahead jazz facade, Nomok took a turn for the worse and will now surely throw you off guard with his unexpected movements and slick beats</span></span></p>\n<p>\n	<span class=\"_5yl5\" data-reactid=\".21.$&lt;1408611529476=23837713681-1125228158@mail=1projektitan=1com&gt;.2:0.0.0.0.0\"><span class=\"null\">In his debut EP Nomok nails blazing, passionate melodies on top of earthly, organic grooves, and pretty much reminded us the foundation of raw tapes</span></span><span class=\"_5yl5\" data-reactid=\".21.$&lt;1408611529476=23837713681-1125228158@mail=1projektitan=1com&gt;.2:0.0.0.0.0\"><span class=\"null\">. </span></span></p>\n<p>\n	<span class=\"_5yl5\" data-reactid=\".21.$&lt;1408611529476=23837713681-1125228158@mail=1projektitan=1com&gt;.2:0.0.0.0.0\"><span class=\"null\">His extensive work in L.B.T is also astonishing, playing keys, producing and recording alot of the sessions.</span></span></p>\n<p>\n	&nbsp;</p>\n','https://soundcloud.com/nomok','','','https://www.facebook.com/n0m0k','45c43-hp_nomok.png'),(13,'Beno','beno','2e35b-beno.png','','<p>\n	Beno, the godfather of bass guitar, and the head of the spear which is called L.B.T, is a long time producer and a friend.</p>\n<p>\n	While not busy in the studio, he&#39;s out playing gigs with the likes of Balkan Beat Box and Berry Saharoff</p>\n<p>\n	When producing by himself he explores various tempos and grooves, sounding unearthly and unique.</p>\n','https://soundcloud.com/beno-hendler-1','','','',''),(14,'Buttering Trio','bt3','6c42c-buttering.png','27d63-btt.png','<p>\n	This particular Berlin/Tel Aviv connection crafts densely layered and sophisticated nu soul not a million miles away from Quadron, Georgia Anne Muldrow or Little Dragon. At the same time, these aural treats are not for the faint of heart: KerenDun, Rejoicer (a. o. producer of Bajka) and bassist Beno Hendler (<span class=\"text_exposed_show\">Balkan Beat Box) love to lace their sound with sharp synth bass, progressive chords and off-kilter, yet never off-key, beats and vox for a challenging sonic journey inspired by the grandmaster of all things &ldquo;out there,&ldquo; Frank Zappa. So, listen closely &hellip; or you might miss some of the tricky snippets thrown into the mix!</span></p>\n','','','','https://www.facebook.com/pages/Buttering-Trio/271205742901210','a2df9-hp_buttering.png'),(15,'Citizen Kane','CK','eb80b-citizenkane.png','7d527-ck.png','<p>\n	Perfectionism is not a bad thing</p>\n<p>\n	Ranging from lo-fi bangers to up tempo, complex 808 rhytmes, Kane&#39;s attention to smallest details whether in the synth he chooses, the unique approach to drum programming and the overall mix makes other producers realise they have to work harder on thier beats.</p>\n','https://soundcloud.com/citizen-kane','','','',''),(16,'DubZ','dubz','aa4c2-dubz.png','d5f9d-dubzsinez.png','','https://soundcloud.com/gotdubz','','','https://www.facebook.com/dubznthangz',''),(17,'Galo','Galo','4632f-galo.png','a5a31-galo.png','<p>\n	Galo is a well roasted figure on and around the decks, with legally binding vibes and the ill behavior.</p>\n','https://soundcloud.com/dj-galo-d','','','https://www.facebook.com/galothedj','2d20a-hp_galo.png'),(18,'Plusga','plusga','89093-plusga.png','0cd0c-plus.png','','https://soundcloud.com/plusga','','','https://www.facebook.com/pages/Plusga/503249436356141','53e07-hp_plusga.png'),(19,'Radixx','radixx','8d568-radixx.png','','','https://soundcloud.com/radixxx','','','',''),(20,'Mesh','mesh','dc5aa-mesh.png','0931c-mesh.png','','','','','','f3ef3-hp_mesh.png'),(22,'Table Knights','','1dcb7-untitled-3.png','','','','','','',''),(23,'Sol Monk','SolMonk','50851-so-l22.png','','','','','','',''),(24,'Yudko','Yudko','b7a2c-judko.png','','<p>\n	Yudkoyudkoyudkoyudko</p>\n','https://soundcloud.com/yudko','','','',''),(25,'Kalimist','Kalimist','0ef04-kali.png','08bb1-kali2.png','','https://soundcloud.com/kalimist','','','','');
/*!40000 ALTER TABLE `artists` ENABLE KEYS */;
UNLOCK TABLES;

--
-- Table structure for table `artisttorelease`
--

DROP TABLE IF EXISTS `artisttorelease`;
/*!40101 SET @saved_cs_client     = @@character_set_client */;
/*!40101 SET character_set_client = utf8 */;
CREATE TABLE `artisttorelease` (
  `id` int(50) NOT NULL AUTO_INCREMENT,
  `artist_id` int(50) NOT NULL,
  `release_id` int(50) NOT NULL,
  PRIMARY KEY (`id`)
) ENGINE=InnoDB AUTO_INCREMENT=46 DEFAULT CHARSET=utf8 COLLATE=utf8_bin;
/*!40101 SET character_set_client = @saved_cs_client */;

--
-- Dumping data for table `artisttorelease`
--

LOCK TABLES `artisttorelease` WRITE;
/*!40000 ALTER TABLE `artisttorelease` DISABLE KEYS */;
INSERT INTO `artisttorelease` VALUES (3,13,4),(4,2,4),(5,9,4),(6,12,4),(7,19,4),(8,24,4),(9,5,4),(10,4,4),(11,18,4),(12,18,33),(13,16,33),(14,4,13),(15,18,37),(16,12,32),(17,15,32),(18,10,32),(19,4,22),(20,18,22),(21,4,25),(22,4,29),(23,4,28),(24,8,28),(25,18,19),(26,5,19),(27,9,19),(28,13,19),(29,8,19),(30,4,19),(31,10,19),(32,6,19),(33,19,19),(34,18,50),(35,5,50),(36,10,50),(37,20,50),(38,4,50),(39,12,50),(40,19,50),(41,8,49),(42,13,38),(43,20,38),(44,12,38),(45,4,48);
/*!40000 ALTER TABLE `artisttorelease` ENABLE KEYS */;
UNLOCK TABLES;

--
-- Table structure for table `blog_post`
--

DROP TABLE IF EXISTS `blog_post`;
/*!40101 SET @saved_cs_client     = @@character_set_client */;
/*!40101 SET character_set_client = utf8 */;
CREATE TABLE `blog_post` (
  `post_id` int(50) NOT NULL AUTO_INCREMENT,
  `post_title` varchar(250) COLLATE utf8_bin NOT NULL,
  `post_pic` varchar(250) COLLATE utf8_bin NOT NULL,
  `bandcamp_link` varchar(2000) COLLATE utf8_bin NOT NULL,
  `enabled` enum('yes','no') COLLATE utf8_bin NOT NULL,
  `post_date` datetime DEFAULT NULL,
  `text` text COLLATE utf8_bin,
  PRIMARY KEY (`post_id`)
) ENGINE=InnoDB AUTO_INCREMENT=5 DEFAULT CHARSET=utf8 COLLATE=utf8_bin;
/*!40101 SET character_set_client = @saved_cs_client */;

--
-- Dumping data for table `blog_post`
--

LOCK TABLES `blog_post` WRITE;
/*!40000 ALTER TABLE `blog_post` DISABLE KEYS */;
INSERT INTO `blog_post` VALUES (1,'Rejoicer - Recollection','edff4-img1.jpg','<iframe seamless=\"\" src=\"http://bandcamp.com/EmbeddedPlayer/album=1638530725/size=small/bgcol=ffffff/linkcol=0687f5/artwork=none/track=3152401126/transparent=true/\" style=\"border: 0; width: 100%; height: 42px;\"><a data-cke-saved-href=\"http://rawtapes.bandcamp.com/album/recollection\" href=\"http://rawtapes.bandcamp.com/album/recollection\">Recollection by Rejoicer</a></iframe>','yes',NULL,'<p>\n	LALALALA</p>\n'),(2,'Calowood (Vol. 1) - Yuka','eb295-img2.jpg','<iframe style=\"border: 0; width: 100%; height: 42px;\" src=\"http://bandcamp.com/EmbeddedPlayer/album=4153930201/size=small/bgcol=ffffff/linkcol=0687f5/artwork=none/track=2850638998/transparent=true/\" seamless><a href=\"http://rawtapes.bandcamp.com/album/yuka-calo-wood-vol-1\">Yuka - Calo Wood Vol. 1 by Yuka + Eyal Talmudi + Rejoicer</a></iframe>','yes',NULL,NULL),(3,'Buttering Trio @ Boiler Room','','','yes',NULL,'<iframe width=\"560\" height=\"315\" src=\"//www.youtube.com/embed/r-M2rWCQZnM\" frameborder=\"0\" allowfullscreen></iframe>'),(4,'PlayDead – The Hipster Move','48839-blob.png','793455085','yes',NULL,NULL);
/*!40000 ALTER TABLE `blog_post` ENABLE KEYS */;
UNLOCK TABLES;

--
-- Table structure for table `contacts`
--

DROP TABLE IF EXISTS `contacts`;
/*!40101 SET @saved_cs_client     = @@character_set_client */;
/*!40101 SET character_set_client = utf8 */;
CREATE TABLE `contacts` (
  `contact_id` int(1) NOT NULL AUTO_INCREMENT,
  `contact_name` varchar(250) COLLATE utf8_bin NOT NULL,
  `contact_email` varchar(250) COLLATE utf8_bin NOT NULL,
  `contact_type` varchar(250) COLLATE utf8_bin NOT NULL,
  `phone` varchar(50) COLLATE utf8_bin NOT NULL,
  PRIMARY KEY (`contact_id`)
) ENGINE=InnoDB AUTO_INCREMENT=4 DEFAULT CHARSET=utf8 COLLATE=utf8_bin;
/*!40101 SET character_set_client = @saved_cs_client */;

--
-- Dumping data for table `contacts`
--

LOCK TABLES `contacts` WRITE;
/*!40000 ALTER TABLE `contacts` DISABLE KEYS */;
INSERT INTO `contacts` VALUES (1,'Zack Bar','zack@teder.fm','BOOKING EU.','0544947879'),(2,'ZACK BAR','some@gmail.com','BOOKING U.S.','0544947879'),(3,'ZACK BAR','some@email.com','EVERYTHING ELSE','0544947879');
/*!40000 ALTER TABLE `contacts` ENABLE KEYS */;
UNLOCK TABLES;

--
-- Table structure for table `events`
--

DROP TABLE IF EXISTS `events`;
/*!40101 SET @saved_cs_client     = @@character_set_client */;
/*!40101 SET character_set_client = utf8 */;
CREATE TABLE `events` (
  `event_id` int(11) NOT NULL AUTO_INCREMENT,
  `event_title` varchar(250) COLLATE utf8_bin NOT NULL,
  `event_date` timestamp NOT NULL DEFAULT CURRENT_TIMESTAMP ON UPDATE CURRENT_TIMESTAMP,
  `event_link` varchar(250) COLLATE utf8_bin NOT NULL,
  PRIMARY KEY (`event_id`)
) ENGINE=InnoDB AUTO_INCREMENT=9 DEFAULT CHARSET=utf8 COLLATE=utf8_bin;
/*!40101 SET character_set_client = @saved_cs_client */;

--
-- Dumping data for table `events`
--

LOCK TABLES `events` WRITE;
/*!40000 ALTER TABLE `events` DISABLE KEYS */;
INSERT INTO `events` VALUES (2,'Raw Night @ Radio EPGB with Plusga + Rejoicer + Mesh','2014-06-23 00:00:00','https://www.facebook.com/events/682371515163725/'),(3,'Slilim @ Teder.FM with Plusga + Rejoicer','2014-06-24 00:00:00','http://www.teder.fm/'),(4,'L.B.T @ White Night, TLV ','2014-06-26 00:00:00','https://www.facebook.com/events/664002337012437/'),(5,'Plusga + Galo + Yarin Lidor @ Kuli Alma','2014-06-26 00:00:00',''),(6,'SHMULIK','2014-06-09 00:00:00',''),(7,'HobNob Nights Rejoicer // Luqman // DubZ','2014-08-18 12:00:00','https://www.facebook.com/events/573848876071505/'),(8,'Free The Robots (Alpha Pup, LA) // Sol Monk & Rejoicer // CohenBeats // Kalimist','2014-08-21 12:00:00','https://www.facebook.com/events/1506655842903740/');
/*!40000 ALTER TABLE `events` ENABLE KEYS */;
UNLOCK TABLES;

--
-- Table structure for table `groups`
--

DROP TABLE IF EXISTS `groups`;
/*!40101 SET @saved_cs_client     = @@character_set_client */;
/*!40101 SET character_set_client = utf8 */;
CREATE TABLE `groups` (
  `id` mediumint(8) unsigned NOT NULL AUTO_INCREMENT,
  `name` varchar(20) NOT NULL,
  `description` varchar(100) NOT NULL,
  PRIMARY KEY (`id`)
) ENGINE=InnoDB AUTO_INCREMENT=3 DEFAULT CHARSET=utf8;
/*!40101 SET character_set_client = @saved_cs_client */;

--
-- Dumping data for table `groups`
--

LOCK TABLES `groups` WRITE;
/*!40000 ALTER TABLE `groups` DISABLE KEYS */;
INSERT INTO `groups` VALUES (1,'admin','Administrator'),(2,'members','General User');
/*!40000 ALTER TABLE `groups` ENABLE KEYS */;
UNLOCK TABLES;

--
-- Table structure for table `login_attempts`
--

DROP TABLE IF EXISTS `login_attempts`;
/*!40101 SET @saved_cs_client     = @@character_set_client */;
/*!40101 SET character_set_client = utf8 */;
CREATE TABLE `login_attempts` (
  `id` int(11) unsigned NOT NULL AUTO_INCREMENT,
  `ip_address` varchar(15) NOT NULL,
  `login` varchar(100) NOT NULL,
  `time` int(11) unsigned DEFAULT NULL,
  PRIMARY KEY (`id`)
) ENGINE=InnoDB DEFAULT CHARSET=utf8;
/*!40101 SET character_set_client = @saved_cs_client */;

--
-- Dumping data for table `login_attempts`
--

LOCK TABLES `login_attempts` WRITE;
/*!40000 ALTER TABLE `login_attempts` DISABLE KEYS */;
/*!40000 ALTER TABLE `login_attempts` ENABLE KEYS */;
UNLOCK TABLES;

--
-- Table structure for table `mixtapes`
--

DROP TABLE IF EXISTS `mixtapes`;
/*!40101 SET @saved_cs_client     = @@character_set_client */;
/*!40101 SET character_set_client = utf8 */;
CREATE TABLE `mixtapes` (
  `mixtape_id` int(10) NOT NULL AUTO_INCREMENT,
  `mixtape_title` varchar(250) COLLATE utf8_bin NOT NULL,
  `mixtape_description` varchar(250) COLLATE utf8_bin NOT NULL,
  `mixtape_embed_link` varchar(2000) COLLATE utf8_bin NOT NULL,
  `time_added` timestamp NOT NULL DEFAULT CURRENT_TIMESTAMP,
  PRIMARY KEY (`mixtape_id`)
) ENGINE=InnoDB AUTO_INCREMENT=4 DEFAULT CHARSET=utf8 COLLATE=utf8_bin;
/*!40101 SET character_set_client = @saved_cs_client */;

--
-- Dumping data for table `mixtapes`
--

LOCK TABLES `mixtapes` WRITE;
/*!40000 ALTER TABLE `mixtapes` DISABLE KEYS */;
INSERT INTO `mixtapes` VALUES (1,'Dabo Mix A','A Mix By Dabo aaa','<iframe width=\"100%\" height=\"166\" scrolling=\"no\" frameborder=\"no\" src=\"https://w.soundcloud.com/player/?url=https%3A//api.soundcloud.com/tracks/154384969&color=ff5500&auto_play=false&hide_related=false&show_artwork=true&show_comments=true&show_user=true&show_reposts=false\"></iframe>','0000-00-00 00:00:00'),(2,'dabo','dabo','dabo','2014-06-20 10:04:28'),(3,'asdaksdjh','alskdjhalskd','<iframe width=\"100%\" height=\"166\" scrolling=\"no\" frameborder=\"no\" src=\"https://w.soundcloud.com/player/?url=https%3A//api.soundcloud.com/tracks/154384969&amp;color=ff5500&amp;auto_play=false&amp;hide_related=false&amp;show_artwork=true&amp;show_comments=true&amp;show_user=true&amp;show_reposts=false\"></iframe>','2014-06-20 10:04:41');
/*!40000 ALTER TABLE `mixtapes` ENABLE KEYS */;
UNLOCK TABLES;

--
-- Table structure for table `releases`
--

DROP TABLE IF EXISTS `releases`;
/*!40101 SET @saved_cs_client     = @@character_set_client */;
/*!40101 SET character_set_client = utf8 */;
CREATE TABLE `releases` (
  `release_id` int(50) NOT NULL AUTO_INCREMENT,
  `artist_id` int(50) NOT NULL,
  `release_title` varchar(250) COLLATE utf8_bin NOT NULL,
  `bandcamp_link` varchar(2000) COLLATE utf8_bin NOT NULL,
  `bandcamp_album_link` varchar(250) COLLATE utf8_bin NOT NULL,
  `itunes_link` varchar(250) COLLATE utf8_bin NOT NULL,
  `description` text COLLATE utf8_bin NOT NULL,
  `art_url` varchar(250) COLLATE utf8_bin NOT NULL,
  `release_date` datetime NOT NULL,
  `url` varchar(250) COLLATE utf8_bin DEFAULT NULL,
  `alt_text` varchar(250) COLLATE utf8_bin DEFAULT NULL,
  PRIMARY KEY (`release_id`)
) ENGINE=InnoDB AUTO_INCREMENT=52 DEFAULT CHARSET=utf8 COLLATE=utf8_bin;
/*!40101 SET character_set_client = @saved_cs_client */;

--
-- Dumping data for table `releases`
--

LOCK TABLES `releases` WRITE;
/*!40000 ALTER TABLE `releases` DISABLE KEYS */;
INSERT INTO `releases` VALUES (3,3,'The Hipster Move','793455085','http://rawtapes.bandcamp.com/album/the-hipster-move','','<p>\n	<span style=\"font-family: arial, helvetica, clean, sans-serif; font-style: italic; line-height: 14.882790565490723px;\">This mysterious mask wearing duo - PlayDead - made the album using drum machines, a variety of synths and a very limited vocabulary, to produce ill, alienated beat based music.&nbsp;</span><br style=\"color: rgb(255, 255, 255); font-family: arial, helvetica, clean, sans-serif; font-style: italic; line-height: 14.882790565490723px; background-color: rgb(0, 0, 0);\" />\n	<br style=\"color: rgb(255, 255, 255); font-family: arial, helvetica, clean, sans-serif; font-style: italic; line-height: 14.882790565490723px; background-color: rgb(0, 0, 0);\" />\n	<span style=\"font-family: arial, helvetica, clean, sans-serif; font-style: italic; line-height: 14.882790565490723px;\">These pieces represent a wider spectrum of their bizarre world and a continuum to their last EP. It&#39;s only natural then, that &quot;The Hipster Move&quot; will be a groove fit for your home as well as for the club.</span></p>\n<p>\n	<span style=\"color:#696969;\"><span style=\"font-size:10px;\"><span style=\"font-family: arial, helvetica, clean, sans-serif; line-height: 14.882790565490723px;\">Music by PlayDead (Rejoicer &amp; Shuz)&nbsp;</span></span></span></p>\n<p>\n	<span style=\"color:#696969;\"><span style=\"font-size:10px;\"><span style=\"font-family: arial, helvetica, clean, sans-serif; line-height: 14.882790565490723px;\">Mastering - Asaf Shay&nbsp;</span><br style=\"color: rgb(255, 255, 255); font-family: arial, helvetica, clean, sans-serif; line-height: 14.882790565490723px; background-color: rgb(0, 0, 0);\" />\n	<br style=\"color: rgb(255, 255, 255); font-family: arial, helvetica, clean, sans-serif; line-height: 14.882790565490723px; background-color: rgb(0, 0, 0);\" />\n	<span style=\"font-family: arial, helvetica, clean, sans-serif; line-height: 14.882790565490723px;\">Design by Kip (Broken Fingaz)&nbsp;</span><br style=\"color: rgb(255, 255, 255); font-family: arial, helvetica, clean, sans-serif; line-height: 14.882790565490723px; background-color: rgb(0, 0, 0);\" />\n	<br style=\"color: rgb(255, 255, 255); font-family: arial, helvetica, clean, sans-serif; line-height: 14.882790565490723px; background-color: rgb(0, 0, 0);\" />\n	<span style=\"font-family: arial, helvetica, clean, sans-serif; line-height: 14.882790565490723px;\">Executive Producer - Osbourne Green</span></span></span></p>\n','00428-playdead_hipster_web_1000.jpg','2014-03-27 12:00:00','thehipstermove',NULL),(4,12,'Puzzles Vol. 2','837635269','http://rawtapes.bandcamp.com/album/puzzles-vol-2','','<p>\n	Unlike most of our releases that focus on one artist, the Puzzles series compiles music from many different artists within the Raw Tapes household. We tried to capture the current collective soundscape, homogeneous yet diverse, in 9 beats.</p>\n<p>\n	<span style=\"font-size:10px;\"><span style=\"color:#696969;\">Mastering by Asaf Shay </span></span></p>\n<p>\n	<span style=\"font-size:10px;\"><span style=\"color:#696969;\">Design by Jengo </span></span></p>\n<p>\n	<span style=\"font-size:10px;\"><span style=\"color:#696969;\">Executive Producer - Osbourne Green tags</span></span></p>\n','e577d-puzlles2.jpg','2014-03-08 12:00:00','puzzles2',NULL),(5,2,'The Feels ','4147912050','http://rawtapes.bandcamp.com/album/the-feels','','<p>\n	Mo Rayon is a sensitive dude. In this second album, the erratic maestro crafted 9 syrupy, luscious beats as a suitable ground for his peculiar singing and rapping, revealing his kaleidoscope world of emotions. To his words, &quot;Back when I had the feels, I knew it must be for reals&quot;.</p>\n<p>\n	<span style=\"color:#696969;\"><span style=\"font-size:10px;\">Produced and mixed by Mo Rayon</span></span></p>\n<p>\n	<span style=\"color:#696969;\"><span style=\"font-size:10px;\">Additional Mix by Nomok </span></span></p>\n<p>\n	<span style=\"color:#696969;\"><span style=\"font-size:10px;\">Mastered by Asaf Shay</span></span></p>\n<p>\n	<span style=\"color:#696969;\"><span style=\"font-size:10px;\">Design by Jengo</span></span></p>\n<p>\n	<span style=\"color:#696969;\"><span style=\"font-size:10px;\">Always in charge - Osbourne &quot;Ease&quot; Green</span></span></p>\n','a97ec-the-feels.jpg','2013-12-28 12:00:00','thefeels',NULL),(6,4,'Åfarica','2793818407','http://rawtapes.bandcamp.com/album/farica','','<p>\n	After a long hiatus, Guadaloop comes back from the gutter to bring us this trip of an album. Continuing the Indian samples based album concept, Guadaloop now travels to the poignant land of Africa, twisting and mutating those indigenous sounds into what Guadaloop knows how to do best; weird Hip Hop beats. This almost seems too natural for this guy, who has always had a liaison with tribal rhythms. Guadaloop translates the classic rhythms and sounds of Africa into a modern celebration of ethnic ambience.&nbsp;</p>\n<p>\n	<span style=\"color:#696969;\"><span style=\"font-size:10px;\">Beats by Guadaloop </span></span></p>\n<p>\n	<span style=\"color:#696969;\"><span style=\"font-size:10px;\">Mastering - Asaf Shay</span></span></p>\n<p>\n	<span style=\"color:#696969;\"><span style=\"font-size:10px;\">Design - Jengo </span></span></p>\n<p>\n	<span style=\"color:#696969;\"><span style=\"font-size:10px;\">Executive Producer - Osbourne &quot;Ease&quot; Green Big </span></span></p>\n<p>\n	<span style=\"color:#696969;\"><span style=\"font-size:10px;\">Thanks goes to - Beno Hendler, Nomok, Mo Rayon, Luqman, KerenDun, Asaf, LBT, Shlomo Bar, Eyal Talmudi, DJ Mesh, The Doctor, Keves (Tiny Fingers), Kip</span></span></p>\n','a39d8-cover.jpg','2013-11-16 12:00:00','afarica',NULL),(7,5,'Shakin\' The Tips','3777759990',' http://rawtapes.bandcamp.com/album/shakin-the-tips','','<p>\n	&quot;Something strange is coming your way&quot;</p>\n<p>\n	There&#39;s a strong energy flow in KerenDun&#39;s music - creating a very fluid world and a lucid-dream like feeling. Keren&#39;s second installment on RT is a clear and natural musical evolution. After recording in the last year 2 studio albums with Buttering Trio and preforming live dozens of shows with her own music, she releases this mesmerizing 4 tracks album.&nbsp;</p>\n<p>\n	<span style=\"color:#696969;\"><span style=\"font-size:10px;\">Written, Produced and Mixed by KerenDun</span></span></p>\n<p>\n	<span style=\"color:#696969;\"><span style=\"font-size:10px;\">Track 3 Produced with Yudko</span></span></p>\n<p>\n	<span style=\"color:#696969;\"><span style=\"font-size:10px;\">Mastering by Asaf Shay</span></span></p>\n<p>\n	<span style=\"color:#696969;\"><span style=\"font-size:10px;\">Art by Jengo</span></span></p>\n<p>\n	<span style=\"color:#696969;\"><span style=\"font-size:10px;\">Always in charge - Osbourne &quot;Ease&quot; Green</span></span></p>\n','9fa35-shaking-the-tips.jpg','2013-10-31 12:00:00','shakin',NULL),(8,4,'Stay Low','2772926934','http://rawtapes.bandcamp.com/album/stay-low','','<p>\n	Summer. Degrees rise to over 25 C and the best place to cool off is in the air conditioned studio. Wary of being outside for too long, cats like A7 and Guadaloop end up having longer sessions than ever, propelling them to record as much music as possible. Thus comes to you &quot;Stay Low&quot;, the 2nd Raw Tapes X A7 collab, continuing the 1st one with Plusga, &quot;Blasphemy&quot;. This time A7 picks 4 beats by Guadaloop, which were intended for the upcoming Guadaloop in Africa album and rips them with his usual colorful, tenacious lyrics. Having DJ Mesh, Beno and Nomok as frequent guests in the studio contributed even more to the mood and helped polish this sleek 4 track release.&nbsp;</p>\n<p>\n	<span style=\"color:#696969;\"><span style=\"font-size:10px;\">Vox &#39;n&#39; Lyrics by A7 aka Rebel Sun </span></span></p>\n<p>\n	<span style=\"color:#696969;\"><span style=\"font-size:10px;\">Beats by Guadaloop </span></span></p>\n<p>\n	<span style=\"color:#696969;\"><span style=\"font-size:10px;\">Cuts by DJ Mesh </span></span></p>\n<p>\n	<span style=\"color:#696969;\"><span style=\"font-size:10px;\">Bass (on tracks 2+3) by Beno Hendler </span></span></p>\n<p>\n	<span style=\"color:#696969;\"><span style=\"font-size:10px;\">Rhodes (on tracks 2+3) by Nomok </span></span></p>\n<p>\n	<span style=\"color:#696969;\"><span style=\"font-size:10px;\">Mastering by Asaf Shay @ Kicha Studios</span></span></p>\n<p>\n	<span style=\"color:#696969;\"><span style=\"font-size:10px;\">Design by Jengo</span></span></p>\n<p>\n	<span style=\"color:#696969;\"><span style=\"font-size:10px;\">Always in charge - Osbourne &quot;Ease&quot; Green</span></span></p>\n','23197-cover.jpg','2013-09-09 12:00:00','staylow',NULL),(9,12,'Blind Kick','1729465966','http://rawtapes.bandcamp.com/album/blind-kick-ep','','<p>\n	In this short EP Nomok nails blazing, passionate melodies on top of earthly, organic grooves and pretty much reminds us the foundation of Raw Tapes.</p>\n<p>\n	<span style=\"color:#696969;\"><span style=\"font-size:10px;\">Produced and Mixed by Nomok</span></span></p>\n<p>\n	<span style=\"color:#696969;\"><span style=\"font-size:10px;\">Mastering by Asaf Shai</span></span></p>\n<p>\n	<span style=\"color:#696969;\"><span style=\"font-size:10px;\">Design by Jengo</span></span></p>\n<p>\n	<span style=\"color:#696969;\"><span style=\"font-size:10px;\">Executive Producer - Osbourne &quot;Ease&quot; Green</span></span></p>\n','60992-blind-kick.jpg','2013-06-28 12:00:00','blindkick',NULL),(10,8,'Altered Thinking','2613988086','http://rawtapes.bandcamp.com/album/luqman-altered-thinking','','<p>\n	We are pleased to announce Luqman&#39;s debut EP - Altered Thinking. A jazz guitarist, coming from a musical background of punk and jazz, Luqman came across some Dilla and Madlib beats which made him drop the strings and pick up the drum pads. 1 year later, and this 21 year young cat is grasping the beat movement by the balls. As a guitarist Luqman was always dependant on his fellow band members to create a whole song and be able to fully implement his visions - but now he&#39;s calling the shots. And thank god he does. Some jazzy, 8-bit chords, some phat saw waves, drums so raw they almost sound acoustic.</p>\n<p>\n	<span style=\"color:#696969;\"><span style=\"font-size:10px;\">All tracks produced and mixed by Luqman</span></span></p>\n<p>\n	<span style=\"color:#696969;\"><span style=\"font-size:10px;\">except track 7 produced by Luq@dasinez</span></span></p>\n<p>\n	<span style=\"color:#696969;\"><span style=\"font-size:10px;\">Art &amp; Design by Jengo</span></span></p>\n<p>\n	<span style=\"color:#696969;\"><span style=\"font-size:10px;\">Photograph by Opal Kravchuk</span></span></p>\n<p>\n	<span style=\"color:#696969;\"><span style=\"font-size:10px;\">Executive Producer: Osbourne &quot;Ease&quot; Green.</span></span></p>\n','33d1a-cover.jpg','2011-11-19 12:00:00','altered',NULL),(11,4,'Recollection','1638530725','http://rawtapes.bandcamp.com/album/recollection','','<p>\n	Recollection is the pathway to self-reflection. The explaining of memories as in form of &quot;talking to one&#39;s self&quot;. Searching deep into life&#39;s quiet moments. To find joy gained by experience. Rejoicer has been busy. For the past year he has produced countless MCs, singers and musicians, and finally the time has come for his own debut album: Recollection - a path into his own beat-making approach. Dive. Deep.</p>\n<p>\n	<span style=\"color:#696969;\"><span style=\"font-size:10px;\">Produced and Mixed by Rejoicer @ RJ Studios, TLV 2013</span></span></p>\n<p>\n	<span style=\"color:#696969;\"><span style=\"font-size:10px;\">Vox and Lyrics on tracks 2, 10 - Bajka</span></span></p>\n<p>\n	<span style=\"color:#696969;\"><span style=\"font-size:10px;\">5 - KerenDun</span></span></p>\n<p>\n	<span style=\"color:#696969;\"><span style=\"font-size:10px;\">9 - Rotem Or</span></span></p>\n<p>\n	<span style=\"color:#696969;\"><span style=\"font-size:10px;\">Keyz (Fender Rhodes, Moog, Juno 60, Roland SH 10) on tracks 1, 6, 7, 10, 11 by Nomok</span></span></p>\n<p>\n	<span style=\"color:#696969;\"><span style=\"font-size:10px;\">Bass on racks 1, 2, 11 by Beno</span></span></p>\n<p>\n	<span style=\"color:#696969;\"><span style=\"font-size:10px;\">Drums on track 8 by Roy Chen</span></span></p>\n<p>\n	<span style=\"color:#696969;\"><span style=\"font-size:10px;\">Mastering - Asaf Shay @ Kicha Studios</span></span></p>\n<p>\n	<span style=\"color:#696969;\"><span style=\"font-size:10px;\">Art by Kip @Broken Fingaz</span></span></p>\n<p>\n	<span style=\"color:#696969;\"><span style=\"font-size:10px;\">Executive Producer - Osbourne &quot;Ease&quot; Green</span></span></p>\n','e0803-recollection.jpg','2013-05-27 12:00:00','recollection',NULL),(12,4,'Yuka - Calo Wood vol. 1','4153930201','http://rawtapes.bandcamp.com/album/yuka-calo-wood-vol-1','','<p>\n	Rejoicer and Eyal Talmudi go on a jazzy trip with Yuka, in the first Calo Wood session.</p>\n<p>\n	<span style=\"color:#696969;\"><span style=\"font-size:10px;\">Vox + Lyrics + Yukalele by Yuka</span></span></p>\n<p>\n	<span style=\"color:#696969;\"><span style=\"font-size:10px;\">All Instruments by Eyal Talmudi &amp; Rejoicer</span></span></p>\n<p>\n	<span style=\"color:#696969;\"><span style=\"font-size:10px;\">Produced by Calo Wood (Eyal Talmudi &amp; Rejoicer)</span></span></p>\n<p>\n	<span style=\"color:#696969;\"><span style=\"font-size:10px;\">Bass on Track 8 by Beno Hendler</span></span></p>\n<p>\n	<span style=\"color:#696969;\"><span style=\"font-size:10px;\">Mixed by Rejoicer @ RJ Studios, Tel Aviv</span></span></p>\n<p>\n	<span style=\"color:#696969;\"><span style=\"font-size:10px;\">Mastering by Marko Gurken @ Kicha Studios</span></span></p>\n<p>\n	<span style=\"color:#696969;\"><span style=\"font-size:10px;\">Design by Jengo</span></span></p>\n<p>\n	<span style=\"color:#696969;\"><span style=\"font-size:10px;\">Executive Producer - Osbourne &quot;Ease&quot; Green + Udi Barak</span></span></p>\n','cae04-calo.jpg','2013-05-01 12:00:00','Yuka',NULL),(13,10,'Street Hype EP','1246554660','http://rawtapes.bandcamp.com/album/mad-steve-rejoicer-street-hype-ep','','<p>\n	4 booming beats these two stoners made back in December 09, all wrapped up and ready for you to click the download button.</p>\n<p>\n	<span style=\"font-size:10px;\"><span style=\"color:#696969;\">Mixed and mastered @ Raw Tapes Studio by MS+RJ</span></span></p>\n<p>\n	<span style=\"font-size:10px;\"><span style=\"color:#696969;\">Always in charge - Osbourne &quot;Ease&quot; Green</span></span></p>\n','e1c3e-streethype.jpg','2010-06-05 12:00:00','streethype',NULL),(14,2,'Astral Walks Forever','1977972707','http://rawtapes.bandcamp.com/album/astral-walks-forever','','<p>\n	Introducing Mo Rayon in a debut album of voodoo love. 4 spaced out beats that will make you feel like your&#39;e drowning in a pink ocean of juicy lust, lost in a sticky haze of reverbed emotions.</p>\n<p>\n	<span style=\"color:#696969;\"><span style=\"font-size:10px;\">All beats produced and mixed by Mo Rayon</span></span></p>\n<p>\n	<span style=\"color: rgb(105, 105, 105); font-size: 10px;\">Mastering by Isaac Gr&aacute; Finley</span></p>\n<p>\n	<span style=\"color:#696969;\"><span style=\"font-size:10px;\">Art and Design by Jengo</span></span></p>\n<p>\n	<span style=\"color:#696969;\"><span style=\"font-size:10px;\">Executive Producer: Osbourne &quot;Ease&quot; Green</span></span></p>\n','797b0-mo-astral.jpg','2013-04-16 12:00:00','astral',NULL),(15,8,'Synthesizer Colossus','2498268179','http://rawtapes.bandcamp.com/album/synthesizer-colossus','','<p>\n	A second release by Luqman, Synthesizer Colossus explores the competence of crude synthesized sound waves. The young hooligan slaps in the face of over-layering, creating a world of minimal grooves and crispy, clear sounds, keeping it more raw than it ever was.</p>\n<p>\n	<span style=\"color:#696969;\"><span style=\"font-size:10px;\">All beats produced by Luqman</span></span></p>\n<p>\n	<span style=\"color:#696969;\"><span style=\"font-size:10px;\">Mastering by Kalimist</span></span></p>\n<p>\n	<span style=\"color:#696969;\"><span style=\"font-size:10px;\">Art and Design by Jengo</span></span></p>\n<p>\n	<span style=\"color:#696969;\"><span style=\"font-size:10px;\">Photograph by Lemuel Barbour</span></span></p>\n<p>\n	<span style=\"color:#696969;\"><span style=\"font-size:10px;\">Executive Producer: Osbourne Green</span></span></p>\n','4a4ca-luqman.jpg','2013-03-30 12:00:00','synthesizerc',NULL),(16,18,'Beat Batch #2','99268154','http://rawtapes.bandcamp.com/album/plusga-beat-batch-2','','<p>\n	Another beat batch by the world famous Plusga. Straight beats.</p>\n<p>\n	<span style=\"color:#696969;\"><span style=\"font-size:10px;\">Beats by Plusga</span></span></p>\n<p>\n	<span style=\"color:#696969;\"><span style=\"font-size:10px;\">Artwork by Jengo</span></span></p>\n<p>\n	<span style=\"color:#696969;\"><span style=\"font-size:10px;\">Always in Charge - Osbourne &quot;Ease&quot; Green</span></span></p>\n','6919d-blob.png','2010-07-10 12:00:00','beatbatch2',NULL),(17,14,'Party Bear EP','1926237517','http://rawtapes.bandcamp.com/album/buttering-trio-party-bear-ep','','<p>\n	Buttering Trio is consisting of KerenDun, Rejoicer and GymBass. After knowing each other for more then 10 years they magically met again in Kreuzberg, Berlin, and started jamming together. &quot;Party Bear EP&quot; is the result of their co-meditation and love for music. SPREAD THE LOVE</p>\n<p>\n	<span style=\"color:#696969;\"><span style=\"font-size:10px;\">Written and produced by Rejoicer, KerenDun and GymBass</span></span></p>\n<p>\n	<span style=\"color:#696969;\"><span style=\"font-size:10px;\">Vocals by KerenDun and GymBass</span></span></p>\n<p>\n	<span style=\"color:#696969;\"><span style=\"font-size:10px;\">Bass by GymBass</span></span></p>\n<p>\n	<span style=\"color:#696969;\"><span style=\"font-size:10px;\">Recording and Mixing by Rejoicer @ Buttering Trio Studio, WrangelStr. 666, Berlin</span></span></p>\n<p>\n	<span style=\"color:#696969;\"><span style=\"font-size:10px;\">Artwork and design by Jengo</span></span></p>\n<p>\n	<span style=\"color:#696969;\"><span style=\"font-size:10px;\">Executive producer - Osbourne &quot;Ease&quot; Green</span></span></p>\n','b5639-partybearf.jpg','2011-09-22 12:00:00','partybear',NULL),(18,14,'Toast','2381663537','http://rawtapes.bandcamp.com/album/toast','https://itunes.apple.com/us/album/toast/id883919551','<p>\n	&quot;Toast&quot; is the debut LP by Buttering Trio, consisting of beats by KerenDun, Rejoicer and Beno, and is the result of the cooperation of the three during the past year, collaborating with the best musicians around. The beats came to life in three different studios - Wrangelstr. 666 Studio Berlin, Spaceship Studio Kibbutz Dunietz and Kicha Studios Tel Aviv, making the album a kind of a schizophrenic new-school romantic child. MAKE FALAFEL NOT WAR.</p>\n<p>\n	&quot;Toast sublimely combines ballads and beats in a manner that redefines trip-hop: deep, melancholic tunes accompanied by a groove that lies on the aesthetics of Dilla&quot; Shuzin, 3421</p>\n<p>\n	Get the full experience: Butteringtrio.com</p>\n<p>\n	<span style=\"color:#696969;\"><span style=\"font-size:10px;\">Music by Buttering Trio (KerenDun, Beno, Rejoicer)</span></span></p>\n<p>\n	<span style=\"color:#696969;\"><span style=\"font-size:10px;\">Lyrics by KerenDun</span></span></p>\n<p>\n	<span style=\"color:#696969;\"><span style=\"font-size:10px;\">&quot;Ganja Man&quot; written by GYMBass (Gal Yaron Meirson)</span></span></p>\n<p>\n	<span style=\"color:#696969;\"><span style=\"font-size:10px;\">Additional Lyrics on &quot;Falafel&quot; by Maya Dunietz, Beno Hendler</span></span></p>\n<p>\n	<span style=\"color:#696969;\"><span style=\"font-size:10px;\">Additional Vocals on &quot;Ganja Man&quot; - Adir The Doctor Dadia</span></span></p>\n<p>\n	<span style=\"color:#696969;\"><span style=\"font-size:10px;\">Keyz on &quot;Ibiza&quot; and &quot;Mean To Me&quot; by Asaf Talmudi</span></span></p>\n<p>\n	<span style=\"color:#696969;\"><span style=\"font-size:10px;\">Keyz on &quot;Tired Love&quot; by Maya Dunietz</span></span></p>\n<p>\n	<span style=\"color:#696969;\"><span style=\"font-size:10px;\">Keyz on &quot;Berliner&quot; by Amit Alcalai</span></span></p>\n<p>\n	<span style=\"color:#696969;\"><span style=\"font-size:10px;\">Bass on &quot;Berliner&quot; by GYMBass</span></span></p>\n<p>\n	<span style=\"color:#696969;\"><span style=\"font-size:10px;\">Recording Engineer on tracks 1,2,3,8,10 - Adir Dadia, Asaf Shay, Marko Gurkan</span></span></p>\n<p>\n	<span style=\"color:#696969;\"><span style=\"font-size:10px;\">Mastering by Marko Gurkan @ Kicha Studios , TLV</span></span></p>\n<p>\n	<span style=\"color:#696969;\"><span style=\"font-size:10px;\">Art and Design by Jengo</span></span></p>\n<p>\n	<span style=\"color:#696969;\"><span style=\"font-size:10px;\">Special thanks - Maya Dunietz, Arline Kremerman, Noam Havkin, DJ Werd, Yaki and Esti Dunietz, Dana Dunietz, Don Juan, The Doctor, Eyal Talmudi, Kip tags</span></span></p>\n','598dd-cover.jpg','2013-02-09 12:00:00','toast',NULL),(19,15,'Puzzles Vol. 1','3088406532','http://rawtapes.bandcamp.com/album/puzzles','','<p>\n	3 years ago we have put out a CD compiling beats from all the Raw Tapes beat makers and producers. It was our 2nd release ever and we were very proud of it, putting out lots of singles, albums, EPs and mixtapes since. We have always believed that Raw Tapes is merely the sum of its artists, thus felt a need for another compilation. So here it is, an 11 track album by the 11 beat makers and producers you have loved every single month for the past couple of years.</p>\n<p>\n	<span style=\"color:#696969;\"><span style=\"font-size:10px;\">Music by Plusga, KerenDun, CohenBeats, Beno Hendler, Luqman Rejoicer//Guadaloop, Mad Steve, Citizen Kane, Sinez &amp; Radixx</span></span></p>\n<p>\n	<span style=\"color:#696969;\"><span style=\"font-size:10px;\">Mastering by Jonathan Jacobi</span></span></p>\n<p>\n	<span style=\"color:#696969;\"><span style=\"font-size:10px;\">Art and Design by Jengo</span></span></p>\n<p>\n	<span style=\"color:#696969;\"><span style=\"font-size:10px;\">Executive Producer - Osbourne &quot;Ease&quot; Green</span></span></p>\n','0cbda-puzzles2.jpg','2013-01-31 12:00:00','puzzles',NULL),(20,9,'Milk & Honey','135326595','http://rawtapes.bandcamp.com/album/milk-and-honey','','<p>\n	Cohenbeats has been a long time friend and one of the best beat makers we know. It was only a matter of time until he would&#39;ve released an album on Raw Tapes... Even though Cohenbeats (also one half of the rap group Cohen@Mushon) has always had a soft spot for Israeli samples, this time he focused on 25 of his favorite beats sampled only from Israeli records from the 60&#39;s up to the 80&#39;s, 2 beats from Israeli related samples and many skits of Israeli people speaking half ass English. We even went far enough to feature Hebrew writings on the cover, if you ever wondered what it looked like... We figured since all we hear in the news is political related, we needed someone to show us another side of the middle east. So there you go, 27 nose punching, throat grabbing, heart moving beats.</p>\n<p>\n	<span style=\"color:#696969;\"><span style=\"font-size:10px;\">All tracks produced and mixed by Cohenbeats</span></span></p>\n<p>\n	<span style=\"color:#696969;\"><span style=\"font-size:10px;\">Additional mixing by Ori Shochat</span></span></p>\n<p>\n	<span style=\"color:#696969;\"><span style=\"font-size:10px;\">Mastered by Josh Cramer at the Ranch, NYC</span></span></p>\n<p>\n	<span style=\"color:#696969;\"><span style=\"font-size:10px;\">Artwork by Jengo</span></span></p>\n<p>\n	<span style=\"color:#696969;\"><span style=\"font-size:10px;\">Thanks to all the friends who let me roam through their record collection: DJ Hectik, Jonathan &ldquo;Shuali&rdquo; Sharoni, Ofer Schoolmaster, Dan Farkas, Arale Kaminski, Yair Niko, Mike Mushon.</span></span></p>\n','b4ddb-milk.jpg','2012-12-15 12:00:00','Milknhoney',NULL),(21,19,'Honey Roast','3505644391','http://rawtapes.bandcamp.com/album/honey-roast','','<p>\n	The cold days had Radixx piling up with stacks of advils and oranges. We figure this combination is the catalyst for this epic rollercoaster of a beat, packing enough heat for the winter that&#39;s upon us. A journey into one&rsquo;s madness. This is a single from Radixx&rsquo;s upcoming album, currently titled Rain Bounxx.</p>\n<p>\n	<span style=\"color:#696969;\"><span style=\"font-size:10px;\">All music written &amp; produced by Radixx</span></span></p>\n<p>\n	<span style=\"color:#696969;\"><span style=\"font-size:10px;\">Artwork by Jengo</span></span></p>\n<p>\n	<span style=\"color:#696969;\"><span style=\"font-size:10px;\">Mastering by AWAZ, Los Angeles, California</span></span></p>\n','18c0b-roast.jpg','2012-11-30 12:00:00','honeyroast',NULL),(22,6,'Luckhour','1946572265','http://rawtapes.bandcamp.com/album/luckhour','','<p>\n	You probably want to hear the whole story behind this 5 track album, so here it is, digital black on white - DJ Werd invited the some of the Raw Tapes crew - Rejoicer, Plusga and Dubz to play for 2 nights, in Berlin and in Dresden. The whole gang (plus Soundpeices who also joined in) spent a week at Werd&#39;s studio in Luckauer Strasse, Berlin. Vibing together in the studio, these 5 beats were made.</p>\n<p>\n	<span style=\"color:#696969;\"><span style=\"font-size:10px;\">*track 1 - Produced by Plusga, Sinez and Rejoicer. Mixed by Plusga</span></span></p>\n<p>\n	<span style=\"color:#696969;\"><span style=\"font-size:10px;\">*track 2 - Produced by Open SRC (Rejoicer and Dubz). Scratches by DJ Werd. Mixed by Rejoicer</span></span></p>\n<p>\n	<span style=\"color:#696969;\"><span style=\"font-size:10px;\">*track 3 - Produced and Mixed by Rejoicer</span></span></p>\n<p>\n	<span style=\"color:#696969;\"><span style=\"font-size:10px;\">*track 4 - Produced by Sines. Mixed by Plusga. *track 5 - Produced by Sinez and DJ Werd. Mixed by Plusga</span></span></p>\n<p>\n	<span style=\"color:#696969;\"><span style=\"font-size:10px;\">Design by Jengo</span></span></p>\n<p>\n	<span style=\"color:#696969;\"><span style=\"font-size:10px;\">Executive Producer - Osbourne &quot;Ease&quot; Green</span></span></p>\n','909ae-luck.jpg','2011-01-28 12:00:00','luckhour',NULL),(23,19,'Black Keys (Single)','3731779542','http://rawtapes.bandcamp.com/album/radixx-black-keys-single','http://rawtapes.bandcamp.com/album/radixx-black-keys-single','<p>\n	This is a single from the upcoming Radixx EP, including a free Tweet remix. EP should be released in the next few weeks.</p>\n<p>\n	<span style=\"color:#696969;\"><span style=\"font-size:10px;\">music by Radixx</span></span></p>\n<p>\n	<span style=\"color:#696969;\"><span style=\"font-size:10px;\">Artwork by Jengo</span></span></p>\n','2a71c-blackkeys.jpg','2010-10-16 12:00:00','blackeys',NULL),(24,15,'B.A.B.O.B','3997643402','http://rawtapes.bandcamp.com/album/citizen-kane-b-a-b-o-b','','<p>\n	Back in 2010, this album was actually supposed to be a mere beat tape consisting of about 8 beats, just to let the people listen to some music by the Citizen. But fact is, Kane is one hell of a perfectionist. Not a single frequency slips his ears, not a single hit slips the groove. This means deadline postponing, but this ultimately means one hell of an album, debut, for Citizen Kane. Please help yourself with some space synths &amp; soulful grooves.</p>\n<p>\n	<span style=\"color:#696969;\"><span style=\"font-size:10px;\">Produced and Mixed by Citizen Kane</span></span></p>\n<p>\n	<span style=\"color:#696969;\"><span style=\"font-size:10px;\">Artwork by Jengo</span></span></p>\n<p>\n	<span style=\"color:#696969;\"><span style=\"font-size:10px;\">Executive Producer - Osbourne &quot;Ease&quot; Green</span></span></p>\n','46f7a-babob.jpg','2011-10-15 12:00:00','babob',NULL),(25,16,'Wood','2389175030','http://rawtapes.bandcamp.com/album/open-src-wood','','<p>\n	After working together as a duo for the last 4 years, Rejoicer and Sinez had decided to finally put together an album consisting of their best beats as Open SRC. A lot of beats were mere sketches or unfinished, mostly because, all though close friends, they both have a different mindset and attitude. That forced them to find common grounds, which at points seemed to be too experimental or, on the other hand, too basic (for them). Their debute album, &quot;Wood&quot;, tries to unite those beats which represent the perfect collision between the two minds, creating soulful &amp; energetic beats, which are simply on-point.</p>\n<p>\n	<span style=\"color:#696969;\"><span style=\"font-size:10px;\">Arranged and Mixed by Open SRC (Rejoicer and Sinez) @ Raw Tapes Studio, 2010</span></span></p>\n<p>\n	<span style=\"color:#696969;\"><span style=\"font-size:10px;\">*Except Tracks 1,3,6,9 - @ Rejoicer Studio, 2009|2010</span></span></p>\n<p>\n	<span style=\"color:#696969;\"><span style=\"font-size:10px;\">Artwork and Design by Jengo</span></span></p>\n','44a88-wood.jpg','2011-06-15 12:00:00','wood',NULL),(26,13,'Game Over','2163043541','http://rawtapes.bandcamp.com/album/game-over','','<p>\n	This is Beno&#39;s debut album - and it&#39;s definitely not the one you&#39;d expect it to be. After playing for ethnic rock bands, producing ska bands and working with left field producers, Beno has finally came up with his solo beat album in which he put all of his previous work aside to make way for a new sound. Being the multi-color person he is, Beno took this album to a place that was new to him - the dance floor. On this album Beno tried to stick to the 4/4 pattern and hard sounds, and eventually came up with this 7 track banger-only, heavyweight, grimey release. WATCH OUT</p>\n<p>\n	<span style=\"color:#696969;\"><span style=\"font-size:10px;\">Beats and Mix by Beno</span></span></p>\n<p>\n	<span style=\"color:#696969;\"><span style=\"font-size:10px;\">Mastering by Jonathan Jacobi @ FireHouse, Tel Aviv</span></span></p>\n<p>\n	<span style=\"color:#696969;\"><span style=\"font-size:10px;\">Art by Jengo</span></span></p>\n<p>\n	<span style=\"color:#696969;\"><span style=\"font-size:10px;\">Executive Producer : Osbourne &quot;Ease&quot; Green</span></span></p>\n','dfbb8-gameover.jpg','2012-09-30 12:00:00','gameover',NULL),(27,5,'Subconscious Leak','291522618','http://rawtapes.bandcamp.com/album/subconscious-leak','','<p>\n	Subconscious Leak is KerenDun&#39;s debut album, taking you on a sweet, psychedelic journey of rhythms and sounds. Throughout the album you will find heavy, precise percussion, vintage synthesizer sounds and vocals that sneak up and act just as another instrument, and as a reminder of the human factor. &quot;This is my inevitable subconscious spill, as it is represented by instrumental beats&quot;.</p>\n<p>\n	<span style=\"color:#696969;\"><span style=\"font-size:10px;\">Beats and Vox by KerenDun</span></span></p>\n<p>\n	<span style=\"color:#696969;\"><span style=\"font-size:10px;\">Mixed by KerenDun &amp; Rejoicer @ Buttering Trio Studio, Wrangel Str. 666, Berlin</span></span></p>\n<p>\n	<span style=\"color:#696969;\"><span style=\"font-size:10px;\">Mastering by Marko Gurkan @Kicha Studios, TLV</span></span></p>\n<p>\n	<span style=\"color:#696969;\"><span style=\"font-size:10px;\">Art and Design by Jengo</span></span></p>\n<p>\n	<span style=\"color:#696969;\"><span style=\"font-size:10px;\">Executive Producer - Osbourne &quot;Ease&quot; Green</span></span></p>\n<p>\n	<span style=\"color:#696969;\"><span style=\"font-size:10px;\">Special thanks go to Ditta, Revital, Miri, Michal &amp; Esti for womanly presence And to Ori Shochat for the supernatural help.</span></span></p>\n','c52b3-sub.jpg','2012-09-25 12:00:00','SubconsciousLeak',NULL),(28,6,'Yelloweed','1228789185','http://rawtapes.bandcamp.com/album/yelloweed','','<p>\n	This album is about a collaboration of musical agendas. It&#39;s an unfiltered raw product of how we reflect on the changes in style and texture that this music has been going through. Luqman El Hakim, Dubz &amp; Rejoicer met in two consecutive saturdays of Februrary, 2012 and crafted this 6 piece album.</p>\n<p class=\"p1\">\n	<span style=\"color:#696969;\"><span style=\"font-size:10px;\">All tracks produced by Rejoicer, DubZ &amp; Luqman&nbsp;</span></span></p>\n<p class=\"p1\">\n	<span style=\"color:#696969;\"><span style=\"font-size:10px;\">Mixed by Rejoicer @ SpaceShip studio&nbsp;</span></span></p>\n<p class=\"p1\">\n	<span style=\"color:#696969;\"><span style=\"font-size:10px;\">Art &amp; design by Jengo&nbsp;</span></span></p>\n<p class=\"p1\">\n	<span style=\"color:#696969;\"><span style=\"font-size:10px;\">Mastering by Kalimist</span></span></p>\n','f40f6-yelloweed.jpg','2012-07-07 12:00:00','yelloweed',NULL),(29,13,'Galaxy Cross ','3102848041','http://rawtapes.bandcamp.com/album/identical-testicle-galaxy-cross','','<p>\n	Smoking the best weed, 24 hours a day, 7 days a week, hasn&#39;t slowed down Beno and Rejoicer a bit - they fire up beats by the minute. One would think that making so many beats in such a short period of time results in a monotonous plethora but on the contrary - many different styles, different BPMs, using many tools of trade such as Moog, African and Swiss percussion, guitars and bass guitars, Ableton Live, Harps, all sorts of old and obscure synthesizers - just to name a few! An omnicultural celebration of beats.</p>\n<p>\n	<span style=\"color:#696969;\"><span style=\"font-size:10px;\">Produced by: Beno Hendler and Rejoicer </span></span></p>\n<p>\n	<span style=\"color:#696969;\"><span style=\"font-size:10px;\">Mixed by Asaf Shay &amp; Identical Testicle @ Kicha </span></span></p>\n<p>\n	<span style=\"color:#696969;\"><span style=\"font-size:10px;\">Keys on &quot;10 G&quot; by Piloni </span></span></p>\n<p>\n	<span style=\"color:#696969;\"><span style=\"font-size:10px;\">Vox and vibes on &quot;Dragons&quot; by KerenDun </span></span></p>\n<p>\n	<span style=\"color:#696969;\"><span style=\"font-size:10px;\">Harp on &quot;Say Wow&quot; by Renana Hendler Ne&#39;eman </span></span></p>\n<p>\n	<span style=\"color:#696969;\"><span style=\"font-size:10px;\">Mastered by: Marko Gurcan @ Kicha </span></span></p>\n<p>\n	<span style=\"color:#696969;\"><span style=\"font-size:10px;\">Photography by: Haidi Motola </span></span></p>\n<p>\n	<span style=\"color:#696969;\"><span style=\"font-size:10px;\">Design by: Jengo </span></span></p>\n<p>\n	<span style=\"color:#696969;\"><span style=\"font-size:10px;\">Executive Producer: Osbourne &quot;Ease&quot; Green&nbsp;</span></span></p>\n','d18b2-galaxy.jpg','2012-06-28 12:00:00','galaxycross',NULL),(31,4,'Just The Truth','1899629255','http://rawtapes.bandcamp.com/album/bajka-just-the-truth','','<p>\n	Bajka is the people&#39;s voice, searching for the truth in a confusing reality where people don&#39;t ask right questions but want the right answers. But let&#39;s take it about 365 days ago (2011...) - Rejoicer moves to Berlin to start a new life, little does he know he is about to meet Bajka, a strong woman with an even stronger voice who is on the look out for fresh producers. 2 minutes is all it took for both to realize it was a heaven made match, Rejoicer&#39;s ambient yet powerfull synths and Bajka&#39;s mesmerizing, almost hypnotic voice, half rapping half preaching for a bright new world, fit together perfectly, pushing the boundaries of soul music into new soundscapes.</p>\n<p>\n	<span style=\"color:#696969;\"><span style=\"font-size:10px;\">Vox by Bajka</span></span></p>\n<p>\n	<span style=\"color:#696969;\"><span style=\"font-size:10px;\">Produced, Recorded and Mixed by Rejoicer @ LuckHour Studios, Berlin</span></span></p>\n<p>\n	<span style=\"color:#696969;\"><span style=\"font-size:10px;\">Mastered by Sholinger @ Berlin</span></span></p>\n<p>\n	<span style=\"color:#696969;\"><span style=\"font-size:10px;\">Executive Producer: Osbourne &quot;Ease&quot; Green</span></span></p>\n<p>\n	<span style=\"color:#696969;\"><span style=\"font-size:10px;\">Special Thanks to: DJ Werd, KerenDun, Jacki, Plusga.</span></span></p>\n','58cf3-bajkad.jpg','2012-01-27 12:00:00','justhetruth',NULL),(32,4,'Beats 2010','662777575','http://rawtapes.bandcamp.com/album/guadaloop-beats-2010','','<p>\n	We have carefully selected the dopest beats of the past 12 months by one of our most productive producers - The Guadaloop. Some of the tracks on the album are Party Bangers, a few are more of the &quot;stay-home-and-hug-your-girl&quot; type of Beats and all together its a perfect way to end the best Guadaloop year yet.</p>\n<p>\n	<span style=\"color:#696969;\"><span style=\"font-size:10px;\">all tracks mixed and produced by The Guadaloop @ Raw Tapes Studio</span></span></p>\n<p>\n	<span style=\"color:#696969;\"><span style=\"font-size:10px;\">*except - Track 3 - Produced by Rejoicer Track 5 - Produced by GuadaLaMesh (Guadaloop and DJ Mesh)</span></span></p>\n<p>\n	<span style=\"color:#696969;\"><span style=\"font-size:10px;\">Track 16 - Produced by Guadaloop, Citizen Kane and Mad Steve</span></span></p>\n<p>\n	<span style=\"color:#696969;\"><span style=\"font-size:10px;\">Tracks 6, 14, 18 - Mixed by Daniel Atai and Guadaloop</span></span></p>\n<p>\n	<span style=\"color:#696969;\"><span style=\"font-size:10px;\">Tracks 1, 2, 4, 9 - Produced by Guadaloop @ LuckHour Studio, Berlin </span></span></p>\n<p>\n	<span style=\"color:#696969;\"><span style=\"font-size:10px;\">Track 13 - Synths by Nomok, Co-Produced by Guadaloop and Rejoicer</span></span></p>\n<p>\n	<span style=\"color:#696969;\"><span style=\"font-size:10px;\">Design by Jengo</span></span></p>\n','3e261-2010.jpg','2010-12-25 12:00:00','beats2010',NULL),(33,4,'Phat Pharmacy Mix','3715861019','http://rawtapes.bandcamp.com/track/the-phat-pharmacy-concept-mix-vol-1','http://rawtapes.bandcamp.com/track/the-phat-pharmacy-concept-mix-vol-1','<p>\n	All Original Material by The Phat Pharmacy Concept and Raw Tapes Artists &nbsp;</p>\n<p>\n	Mixed by Plusga + Dubz + Rejoicer</p>\n<p>\n	&nbsp;</p>\n<p>\n	<strong>The Phat Trak List - </strong></p>\n<p>\n	Citizen Kane - Just Funkin wit You</p>\n<p>\n	Sinez - I Saw Reflections</p>\n<p>\n	Sinez - Funky Clipper</p>\n<p>\n	Rejoicer - I Can Hear</p>\n<p>\n	Radixx - The Bizness</p>\n<p>\n	Mad Steve -</p>\n<p>\n	Radixx - Endless Heat</p>\n<p>\n	Open Src - Gotcha</p>\n<p>\n	Open Mad Steve - Hollz (skit)</p>\n<p>\n	Phat Pharmacy Crazy Synth Part</p>\n<p>\n	Sinez - Big Boy Sluts Radixx - Dont You</p>\n<p>\n	Rejoicer - Bumpy Street Ahead</p>\n<p>\n	Radixx - All For That</p>\n<p>\n	Rejoicer - 3 Way Change</p>\n<p>\n	Gucci Mane - My Chain (Sinez Remix)</p>\n<p>\n	Sinez - Say Yeaaa</p>\n<p>\n	Rejoicer and Radixx - Rejixx</p>\n<p>\n	Rejoicer - 3 Point 5</p>\n<p>\n	Radixx - Smoke Tool</p>\n<p>\n	Mad Steve - Matches</p>\n<p>\n	Mad Steve - Match</p>\n<p>\n	Radixx - Machinery</p>\n<p>\n	Rejoicer - 20 Farts Till The Hit</p>\n<p>\n	Citizen Mad - Sea Crates</p>\n','b466e-blob.png','2010-05-16 12:00:00','phatpharmacymix',NULL),(34,18,'Blasphemy EP','721364972','http://rawtapes.bandcamp.com/album/a7-plusga-blasphemy-ep','','<p>\n	When an MC hears any Plusga beats, it takes him about 30 seconds to realize he hit the jackpot. That&rsquo;s exactly what happened about a year ago, when Mesh (a mutual friend) introduced between A7 and Plusga, both living in the same neighborhood. Not many days had passed before they finished recording the tracks, and another few months for Plusga&rsquo;s lazy ass to finish the mix. This project combines raw lyrics and mesmerizing production, a shining star in the midst of all the electronic directions Hip Hop has been going to in the past few years, that represents a return to the roots and the poetic essence of Hip Hop.</p>\n<p>\n	The ultimate collabo. A7 on the mic, Plusga on the beats.</p>\n<p>\n	<span style=\"color:#696969;\"><span style=\"font-size:10px;\">Vocals by A7</span></span></p>\n<p>\n	<span style=\"color:#696969;\"><span style=\"font-size:10px;\">Produced &amp; Mixed by Plusga</span></span></p>\n<p>\n	<span style=\"color:#696969;\"><span style=\"font-size:10px;\">Cuts on all tracks except What More Can I Say by DJ Mesh</span></span></p>\n<p>\n	<span style=\"color:#696969;\"><span style=\"font-size:10px;\">Mastering by Marco Gurken @ Kicha Studios</span></span></p>\n<p>\n	<span style=\"color:#696969;\"><span style=\"font-size:10px;\">Design by Jengo</span></span></p>\n<p>\n	<span style=\"color:#696969;\"><span style=\"font-size:10px;\">Photography by Max Chertkov</span></span></p>\n<p>\n	<span style=\"color:#696969;\"><span style=\"font-size:10px;\">Executive produced by Osbourne &quot;Ease&quot; Green</span></span></p>\n','26ee3-blob.png','2012-04-20 12:00:00','blasphemy',NULL),(35,19,'Ridiculouxx','580706821','http://rawtapes.bandcamp.com/album/radixx-ridiculouxx','','<p>\n	The new EP by Radixx, including a feature by Plusga. Explosive beats.</p>\n<p>\n	<span style=\"color:#696969;\"><span style=\"font-size:10px;\">All tracks are composed and mixed by Radixx</span></span></p>\n<p>\n	<span style=\"color:#696969;\"><span style=\"font-size:10px;\">except track 04 which is composed and mixed by Radixx and Plusga</span></span></p>\n<p>\n	<span style=\"color:#696969;\"><span style=\"font-size:10px;\">Artwork by Jengo</span></span></p>\n','087c7-blob.png','2010-12-06 12:00:00','Ridiculouxx',NULL),(36,10,'No','3819683290','http://rawtapes.bandcamp.com/album/mad-steve-no','','<p>\n	This is Mad Steve. French thug movin&#39; big weight.</p>\n<p>\n	<span style=\"color:#696969;\"><span style=\"font-size:10px;\">Produced and Mixed by Mad Steve</span></span></p>\n<p>\n	<span style=\"color:#696969;\"><span style=\"font-size:10px;\">Art by Jengo</span></span></p>\n','38a04-blob.png','2011-05-18 12:00:00','no',NULL),(37,4,'Desired in the 3 Worlds','516475439','http://rawtapes.bandcamp.com/album/the-guadaloop-in-desired-in-the-3-worlds','','<p>\n	This 25 tracks album is all based on Indian/Bollywood samples from vinyls The Guadaloop bought back in 2007. Back then, after being inspired by his good friend Plusga, Guada(Loop) went to the nearest record store and got all the Indian records he could find. Soon Guada linked up with a big vinyl dealer and brought dozens of Indian\\African records to the studio. loads of beats were made from this vinyls in the past 3 years &ndash; most of them haven&rsquo;t been published yet. Some tracks on the LP were made in 2007 and some 2 days before the release date (Plusga &ndash; Penny Fuck) The name for the LP &ndash; &ldquo;Desired in the 3 Worlds&rdquo; comes from the Sanskrit/Hindi word - &ldquo;Trilok Kamaya&rdquo; &ndash; or in another words - &ldquo;Leaf of Heroes&rdquo; &ndash; or in another words - &ldquo;Conqueror of the 3 regions of the universe&rdquo; &ndash; or in another words - &ldquo;The Green One&rdquo;&hellip; Ganja.</p>\n<p>\n	<span style=\"color:#696969;\"><span style=\"font-size:10px;\">All Tracks Produced and Mixed By The Guadaloop @ Raw Tapes Studio</span></span></p>\n<p>\n	<span style=\"color:#696969;\"><span style=\"font-size:10px;\">*Except - Tracks 5, 14, 21, 24 &ndash; Produced and Mixed By Plusga</span></span></p>\n<p>\n	<span style=\"color:#696969;\"><span style=\"font-size:10px;\">Track 15 &ndash; Produced and Mixed By Rejoicer</span></span></p>\n<p>\n	<span style=\"color:#696969;\"><span style=\"font-size:10px;\">Art by Jengo</span></span></p>\n','d54e0-desired.jpg','2010-09-19 12:00:00','desired',NULL),(38,2,'Tales From The Chimney','3325817430','http://rawtapes.bandcamp.com/album/tales-from-the-chimney','','<p>\n	Mo Rayon on the raps, Mesh on the cuts, Beno on the production and Nomok with the synths! Enjoy this hazy christmas production!</p>\n<p>\n	HO ho HO</p>\n<p>\n	<span style=\"color:#696969;\"><span style=\"font-size:10px;\">Lyrics and Vox by Mo Rayon</span></span></p>\n<p>\n	<span style=\"color:#696969;\"><span style=\"font-size:10px;\">Produced by Beno + Mesh</span></span></p>\n<p>\n	<span style=\"color:#696969;\"><span style=\"font-size:10px;\">Keys by Nomok</span></span></p>\n<p>\n	<span style=\"color:#696969;\"><span style=\"font-size:10px;\">Mix &#39;n&#39; Master by Beno Hendler</span></span></p>\n<p>\n	<span style=\"color:#696969;\"><span style=\"font-size:10px;\">Design by Deso (Broken Fingaz)</span></span></p>\n<p>\n	<span style=\"color:#696969;\"><span style=\"font-size:10px;\">Always in charge - Osbourne &quot;Ease&quot; Green</span></span></p>\n','059c8-blob.png','2013-12-25 12:00:00','tales',NULL),(39,14,'Tired Love','2434454281','http://rawtapes.bandcamp.com/album/tired-love','','<p>\n	The first single from Buttering Trio&#39;s debut LP, giving you a preview of the upcoming album from this odd-eclectic trio. These tunes were inspired by KerenDun&#39;s trip to the Galaxy of Poo, Rejoicer&#39;s three months in weed rehab and Beno Hendler the magnificent. After Tired Love&#39;s live premiere at &#39;In-D-Negev&#39; festival with the Buttering Double Trio, it has been featured in Mercedes Benz mixed tape and was given the title &quot;dope as fuck&quot; by the man himself - Mr. Snoop Dogg. Side B of the single, &quot;Oneness&quot;, is more up-tempo although still soulful and spacey, leaving room to catch the beautiful lyrics. The vocals on both tunes were recorded by KerenDun on first take capturing the authenticity of the lyrics and the special atmosphere that was floating in the SpaceShip studio. The full length LP is ready and will be out this summer.</p>\n<p>\n	<span style=\"color:#696969;\"><span style=\"font-size:10px;\">Vox + Synths + Saxophone - KerenDun</span></span></p>\n<p>\n	<span style=\"color:#696969;\"><span style=\"font-size:10px;\">Vibes + Synths - Rejoicer</span></span></p>\n<p>\n	<span style=\"color:#696969;\"><span style=\"font-size:10px;\">Keys Solo on &quot;Tired Love&quot; - Maya Dunietz</span></span></p>\n<p>\n	<span style=\"color:#696969;\"><span style=\"font-size:10px;\">Not Playing Bass - Beno Hendler</span></span></p>\n<p>\n	<span style=\"color:#696969;\"><span style=\"font-size:10px;\">Produced by Buttering Trio</span></span></p>\n<p>\n	<span style=\"color:#696969;\"><span style=\"font-size:10px;\">Recorded &amp; Mixed by Rejoicer at SpaceShip Studio</span></span></p>\n<p>\n	<span style=\"color:#696969;\"><span style=\"font-size:10px;\">Mastering by Marko Gurkan @Kicha Studios</span></span></p>\n<p>\n	<span style=\"color:#696969;\"><span style=\"font-size:10px;\">Artwork by Jengo</span></span></p>\n<p>\n	<span style=\"color:#696969;\"><span style=\"font-size:10px;\">Executive Producer - Osbourne &quot;Ease&quot; Green</span></span></p>\n','aaae9-blob.png','2012-07-14 12:00:00','tiredlove',NULL),(40,18,'Blasphemy (Instrumentals)','55353263','http://rawtapes.bandcamp.com/album/plusga-blasphemy-instrumentals','','<p>\n	<span style=\"color:#696969;\"><span style=\"font-size:10px;\">Instrumentals for the Blasphemy EP.</span></span></p>\n<p>\n	<span style=\"color:#696969;\"><span style=\"font-size:10px;\">All beats by Plusga</span></span></p>\n<p>\n	<span style=\"color:#696969;\"><span style=\"font-size:10px;\">Scratches by DJ Mesh</span></span></p>\n<p>\n	<span style=\"color:#696969;\"><span style=\"font-size:10px;\">Design by Jengo</span></span></p>\n','c739a-blob.png','2012-05-17 12:00:00','blasphemyinstru',NULL),(41,3,'Plastic Bags 4 Atmosphere','4134309346','http://rawtapes.bandcamp.com/album/play-dead-plastic-bags-4-atmosphere','','<p>\n	The name of this album says it all. We have officially reached the times when everything and anything can be music, even plastic bags which are ultimately the symbol of civilian mass pollution in the modern world. It was only a matter of time until Kip was to work with the Raw Tapes crew, and 2 days in the SpaceShip studio with Rejoicer summed it all up - 4 tracks for those weird parts of your mind.</p>\n<p>\n	<span style=\"color:#696969;\"><span style=\"font-size:10px;\">All Tracks Produced by Play Dead (Shuz and Rejoicer) </span></span></p>\n<p>\n	<span style=\"color:#696969;\"><span style=\"font-size:10px;\">Drums on Act Dead by Hezuz (3421) </span></span></p>\n<p>\n	<span style=\"color:#696969;\"><span style=\"font-size:10px;\">Recorded and Mixed by Rejoicer @ The SpaceShip Studio</span></span></p>\n<p>\n	<span style=\"color:#696969;\"><span style=\"font-size:10px;\">Mastering by Kalimist </span></span></p>\n<p>\n	<span style=\"color:#696969;\"><span style=\"font-size:10px;\">Art and Design by Kip (Broken Fingaz)</span></span></p>\n','03ff6-blob.png','2012-03-08 12:00:00','plastic',NULL),(42,22,'Gutter Cats','3872456829','http://rawtapes.bandcamp.com/album/table-knights-gutter-cats','','<p>\n	At a time when no one works strictly with MPC&#39;s anymore, we have put out for you a pure, hardware-only, true-school, Hip Hop beat album. A few years ago St. Svenson &amp; MC Ayatolla, two longtime friends who had been messing around with MPC&#39;s and mic&#39;s ever since, have put together a compilation album of beats and rhymes, &quot;Sounds of Victory&quot;, which instantly became a local classic. 5 years have passed and the beats kept piling up in endless memory cards laying around Svenson&#39;s room. One clear afternoon, MC Ayatolla went through all the beats that were laying around and picked the chosen few to represent the works of 5 years of Table Knights. The results are right here - 30 minutes of beats that will sock your knocks out.</p>\n<p>\n	<span style=\"color:#696969;\"><span style=\"font-size:10px;\">Produced by Table Knights </span></span></p>\n<p>\n	<span style=\"color:#696969;\"><span style=\"font-size:10px;\">Mastering by Kalimist </span></span></p>\n<p>\n	<span style=\"color:#696969;\"><span style=\"font-size:10px;\">Illustration &amp; Design - Fuse (AFK) </span></span></p>\n<p>\n	<span style=\"color:#696969;\"><span style=\"font-size:10px;\">Typography - Jengo</span></span></p>\n<p>\n	<span style=\"color:#696969;\"><span style=\"font-size:10px;\">Photography - Joy</span></span></p>\n','2a2d2-blob.png','2012-01-07 12:00:00','guttercats',NULL),(44,10,'No 2','1265832421','http://rawtapes.bandcamp.com/album/mad-steve-no-2','','<p>\n	Following the success of Mad Steve&#39;s 1st album - &quot;No&quot;, comes the MC friendly, intelligent, totally emotionless - &quot;No 2: The Threshold of Liberty&quot;. Contrary to the last release, which was more of a collection of beats, this is a much more wrapped up album with a certain concept behind it. In this album Mad Steve manages to capture a very vivid and warm image, yet keeping the instruments pretty minimal - saying no to exaggerated texturing and excessive emotions. That&#39;s Mad Steve for you - trying to hide his emotions. If you&#39;re an MC, you&#39;re probably going to love this album. If you hate music, well, you&#39;ll probably love this too. Actually we can&#39;t think of people who might not like this album...maybe deaf people.</p>\n<p>\n	<span style=\"color:#696969;\"><span style=\"font-size:10px;\">All tracks produced and mixed by: Mad Steve </span></span></p>\n<p>\n	<span style=\"color:#696969;\"><span style=\"font-size:10px;\">Mastered by: Bunny on Acid </span></span></p>\n<p>\n	<span style=\"color:#696969;\"><span style=\"font-size:10px;\">Cover by: Jengo </span></span></p>\n<p>\n	<span style=\"color:#696969;\"><span style=\"font-size:10px;\">Executive Producer: Osbourne &quot;Ease&quot; Green</span></span></p>\n','31032-madsteve2.jpg','2011-11-05 12:00:00','no2',NULL),(45,6,'Chrysanthemum','2876762725','http://rawtapes.bandcamp.com/album/sinez-chrysanthemum','','<p>\n	A synthed out, abstract, minimal take on hip hop beats. First single from the Sacred Symmetry series.</p>\n<p>\n	<span style=\"color:#696969;\"><span style=\"font-size:10px;\">Credits </span></span></p>\n<p>\n	<span style=\"color:#696969;\"><span style=\"font-size:10px;\">Written and Produced by SineZ </span></span></p>\n<p>\n	<span style=\"color:#696969;\"><span style=\"font-size:10px;\">Mixed by Plusga</span></span></p>\n<p>\n	<span style=\"color:#696969;\"><span style=\"font-size:10px;\">Design by Jengo</span></span></p>\n','d0ff6-sinez1.jpg','2011-04-25 12:00:00','Chrysanthemum',NULL),(46,4,'I & I Rejoice','2572562413','http://rawtapes.bandcamp.com/album/rejoicer-i-i-rejoice','','<p>\n	<span style=\"color:#696969;\"><span style=\"font-size:10px;\">Mixed live by Rejoicer @ LuckHour Studio, Berlin. </span></span></p>\n<p>\n	<span style=\"color:#696969;\"><span style=\"font-size:10px;\">Blessings to Bajka</span></span></p>\n<p>\n	<span style=\"color:#696969;\"><span style=\"font-size:10px;\">Design by Jengo</span></span></p>\n','a94ea-rejoice.jpg','2011-03-08 12:00:00','rejoice',NULL),(47,19,'Raamses ','3344279572','http://rawtapes.bandcamp.com/album/radixx-raamses','','<p>\n	Radixx had always said that without electronic music and the ever-developing technology, he would have not made what could nowadays be called music. We guess that these are the times of Radixx. Some people cry about the analogue days, some people praise the new technologies that allow more artist to express their thoughts and emotions. We&#39;re not quite sure about the meaning of the name Raamses, and either does Radixx. Probably high doses of Sun Ra and SG-1 as a child made the connection between Egyptian Pharoas, music and electronics. He did say something about a series albums named after Egyptian Pharoas &quot;Mainly because the names are def unique, like the ish I&#39;m trying to put out&quot;. This is Radixx&#39;s third release on Raw Tapes.&nbsp;</p>\n<p>\n	<span style=\"color:#696969;\"><span style=\"font-size:10px;\">All tracks composed, produced and mixed by Radixx </span></span></p>\n<p>\n	<span style=\"color:#696969;\"><span style=\"font-size:10px;\">Except tracks 05 and 08, vibes and weed by Plusga </span></span></p>\n<p>\n	<span style=\"color:#696969;\"><span style=\"font-size:10px;\">Design by Jengo </span></span></p>\n<p>\n	<span style=\"color:#696969;\"><span style=\"font-size:10px;\">Executive Producer: Osbourne Green</span></span></p>\n','88e12-raamses.jpg','2011-12-10 12:00:00','raamses',NULL),(48,23,'Beats, Not Words','831893512','http://timegrove.bandcamp.com/album/beats-not-words','','<p>\n	&quot;I am very happy to present this album - made with love for music and spiritual search. Rejoicer&#39;s effortless and easy approach to the creation process kept the music and workflow fresh, while some of my good friends, who also happen to be my favorite musicians, contributed to the amazing atmosphere in the studio. This music was created first of all in the name of music.&quot;-- Sol Monk</p>\n<p>\n	&quot;we visioned the album to be banging and surprising from the start so we used hella side chain, extreme drums mic-ing positions, weird old vinyls and massive analog synths&quot; -- Rejoicer (The Dove)&nbsp;</p>\n<p>\n	<span style=\"color:#696969;\"><span style=\"font-size:10px;\">Produced by Rejoicer &amp; Sol Monk </span></span></p>\n<p>\n	<span style=\"color:#696969;\"><span style=\"font-size:10px;\">Mixed by Rejoicer </span></span></p>\n<p>\n	<span style=\"color:#696969;\"><span style=\"font-size:10px;\">Recorded by Asaf Shay &amp; Rejoicer </span></span></p>\n<p>\n	<span style=\"color:#696969;\"><span style=\"font-size:10px;\">Drums and OP1 by Sol Monk </span></span></p>\n<p>\n	<span style=\"color:#696969;\"><span style=\"font-size:10px;\">Trumpet by Avishai Cohen </span></span></p>\n<p>\n	<span style=\"color:#696969;\"><span style=\"font-size:10px;\">Double-bass and Bass Guitar by Avri Borohov </span></span></p>\n<p>\n	<span style=\"color:#696969;\"><span style=\"font-size:10px;\">Guitar by Jonathan Albalalk </span></span></p>\n<p>\n	<span style=\"color:#696969;\"><span style=\"font-size:10px;\">Synths by Nomok &amp; Rejoicer </span></span></p>\n<p>\n	<span style=\"color:#696969;\"><span style=\"font-size:10px;\">Bass by Beno Hendler </span></span></p>\n<p>\n	<span style=\"color:#696969;\"><span style=\"font-size:10px;\">Vocals by Jarvis, Mo Rayon and Shuzin</span></span></p>\n<p>\n	<span style=\"color:#696969;\"><span style=\"font-size:10px;\">Additional Mixing by Nomok </span></span></p>\n<p>\n	<span style=\"color:#696969;\"><span style=\"font-size:10px;\">Mastering by Asaf Shay&nbsp;</span></span></p>\n<p>\n	<span style=\"color:#696969;\"><span style=\"font-size:10px;\">Photography by Michael Topyol</span></span></p>\n<p>\n	<span style=\"color:#696969;\"><span style=\"font-size:10px;\">Design by Spoiled Bastard</span></span></p>\n<p>\n	<span style=\"color:#696969;\"><span style=\"font-size:10px;\">Executive Prodcuer - Asaf Ben David</span></span></p>\n','1da88-a2438055326_10.jpg','2014-06-23 12:00:00','beatsnotwords',NULL),(49,19,'REMIXED','1066819792','http://rawtapesbootlegs.bandcamp.com/album/mixd','','<p>\n	10 quirky, berserk remixes of some more and less classic tunes, 5 by Luqman and 5 by Radixx.</p>\n<p>\n	<span style=\"color:#696969;\"><span style=\"font-size:10px;\">Tracks 1,3,5,7 &amp; 9 produced and mixed by Radixx </span></span></p>\n<p>\n	<span style=\"color:#696969;\"><span style=\"font-size:10px;\">Tracks 2,4,6,8 &amp; 10 produced and mixed by Luqman</span></span></p>\n<p>\n	<span style=\"color:#696969;\"><span style=\"font-size:10px;\">All original acapellas belong to their respective artist. </span></span></p>\n<p>\n	<span style=\"color:#696969;\"><span style=\"font-size:10px;\">Mastered by Ori Shochat. Graphics by Raw Sun.</span></span></p>\n','c465a-remixed.jpg','2013-08-03 12:00:00','remixed',NULL),(50,13,'Beastie Boys Remixes','3375444905','http://rawtapesbootlegs.bandcamp.com/album/beastie-boys-remixes','','<p>\n	After playing a live set of Beastie Boys tribute, Beno and Mesh came up with the idea to create a full album of remixes and tributes to the classic trio. In memory of Adam MCA Yauch&nbsp;</p>\n<p>\n	<span style=\"color:#696969;\"><span style=\"font-size:10px;\">Remixes by: Plusga Beno KerenDun Mad Steve DJ Mesh Guadaloop Nomok Radixx </span></span></p>\n<p>\n	<span style=\"color:#696969;\"><span style=\"font-size:10px;\">Executive Producer - Beno Hendler </span></span></p>\n<p>\n	<span style=\"color:#696969;\"><span style=\"font-size:10px;\">Photo by Robbie Pichhadze </span></span></p>\n<p>\n	<span style=\"color:#696969;\"><span style=\"font-size:10px;\">Graphics by Raw Sun Big</span></span></p>\n<p>\n	<span style=\"color:#696969;\"><span style=\"font-size:10px;\">Thanks goes to Asaf Ben David !</span></span></p>\n','331d7-oi.jpg','2013-05-12 12:00:00','beastieboys',NULL),(51,19,'Switched on Misfits','3817180188','http://rawtapesbootlegs.bandcamp.com/album/switched-on-misfits','','<p>\n	About 2 years ago Radixx came up with an idea of covering some songs of The Misfits, a horror-punk band from the late 70&#39;s, and reinterpreting them in a new style. This is what he had to say about it: &quot;What I basically loved about The Misfits was the dirty, dark, epic vibe they put out. Some melodies just kept haunting me up until today so I had to re-create them in some way...&quot; Radixx made a few tracks 2 years ago when the idea originally came up, but wasn&#39;t satisfied with them and so the project was shoved to the shelves. About a month ago he apparntly got the vision back, making 7 new tracks that reflect the new world of sounds that is available in 2012. Trying to incorporate various emotions through the tracks, some are heavier, some are more soulful and some are just plain insane. While some tracks here seem to vaguely remind of the originals, some would be hard to compare to their originals even by the biggest Misfits fans...Radixx definitely took it a few levels up. Think of it as The Misfits on acid.&nbsp;</p>\n<p>\n	<span style=\"font-size:10px;\"><span style=\"color:#696969;\">The original ideas of the songs (and the names of the songs) are by The Misfits</span></span></p>\n<p>\n	<span style=\"font-size:10px;\"><span style=\"color:#696969;\">All songs were re-composed and re-produced by Radixx</span></span></p>\n<p>\n	<span style=\"font-size:10px;\"><span style=\"color:#696969;\">Mastered by Rejoicer</span></span></p>\n<p>\n	<span style=\"font-size:10px;\"><span style=\"color:#696969;\">Design by Raw Sun</span></span></p>\n','536ed-a3200776513_10.jpg','2012-07-22 12:00:00','switched',NULL);
/*!40000 ALTER TABLE `releases` ENABLE KEYS */;
UNLOCK TABLES;

--
-- Table structure for table `users`
--

DROP TABLE IF EXISTS `users`;
/*!40101 SET @saved_cs_client     = @@character_set_client */;
/*!40101 SET character_set_client = utf8 */;
CREATE TABLE `users` (
  `id` int(11) unsigned NOT NULL AUTO_INCREMENT,
  `ip_address` varchar(15) NOT NULL,
  `username` varchar(100) NOT NULL,
  `password` varchar(255) NOT NULL,
  `salt` varchar(255) DEFAULT NULL,
  `email` varchar(100) NOT NULL,
  `activation_code` varchar(40) DEFAULT NULL,
  `forgotten_password_code` varchar(40) DEFAULT NULL,
  `forgotten_password_time` int(11) unsigned DEFAULT NULL,
  `remember_code` varchar(40) DEFAULT NULL,
  `created_on` int(11) unsigned NOT NULL,
  `last_login` int(11) unsigned DEFAULT NULL,
  `active` tinyint(1) unsigned DEFAULT NULL,
  `first_name` varchar(50) DEFAULT NULL,
  `last_name` varchar(50) DEFAULT NULL,
  `company` varchar(100) DEFAULT NULL,
  `phone` varchar(20) DEFAULT NULL,
  PRIMARY KEY (`id`)
) ENGINE=InnoDB AUTO_INCREMENT=2 DEFAULT CHARSET=utf8;
/*!40101 SET character_set_client = @saved_cs_client */;

--
-- Dumping data for table `users`
--

LOCK TABLES `users` WRITE;
/*!40000 ALTER TABLE `users` DISABLE KEYS */;
INSERT INTO `users` VALUES (1,'127.0.0.1','administrator','$2a$07$SeBknntpZror9uyftVopmu61qg0ms8Qv1yV6FG.kQOSM.9QhmTo36','','admin@admin.com','',NULL,NULL,'qlZTFbvVVMlaZRQxK0lOX.',1268889823,1408602472,1,'Admin','istrator','ADMIN','0');
/*!40000 ALTER TABLE `users` ENABLE KEYS */;
UNLOCK TABLES;

--
-- Table structure for table `users_groups`
--

DROP TABLE IF EXISTS `users_groups`;
/*!40101 SET @saved_cs_client     = @@character_set_client */;
/*!40101 SET character_set_client = utf8 */;
CREATE TABLE `users_groups` (
  `id` int(11) unsigned NOT NULL AUTO_INCREMENT,
  `user_id` int(11) unsigned NOT NULL,
  `group_id` mediumint(8) unsigned NOT NULL,
  PRIMARY KEY (`id`),
  UNIQUE KEY `uc_users_groups` (`user_id`,`group_id`),
  KEY `fk_users_groups_users1_idx` (`user_id`),
  KEY `fk_users_groups_groups1_idx` (`group_id`),
  CONSTRAINT `fk_users_groups_users1` FOREIGN KEY (`user_id`) REFERENCES `users` (`id`) ON DELETE CASCADE ON UPDATE NO ACTION,
  CONSTRAINT `fk_users_groups_groups1` FOREIGN KEY (`group_id`) REFERENCES `groups` (`id`) ON DELETE CASCADE ON UPDATE NO ACTION
) ENGINE=InnoDB AUTO_INCREMENT=3 DEFAULT CHARSET=utf8;
/*!40101 SET character_set_client = @saved_cs_client */;

--
-- Dumping data for table `users_groups`
--

LOCK TABLES `users_groups` WRITE;
/*!40000 ALTER TABLE `users_groups` DISABLE KEYS */;
INSERT INTO `users_groups` VALUES (1,1,1),(2,1,2);
/*!40000 ALTER TABLE `users_groups` ENABLE KEYS */;
UNLOCK TABLES;
/*!40103 SET TIME_ZONE=@OLD_TIME_ZONE */;

/*!40101 SET SQL_MODE=@OLD_SQL_MODE */;
/*!40014 SET FOREIGN_KEY_CHECKS=@OLD_FOREIGN_KEY_CHECKS */;
/*!40014 SET UNIQUE_CHECKS=@OLD_UNIQUE_CHECKS */;
/*!40101 SET CHARACTER_SET_CLIENT=@OLD_CHARACTER_SET_CLIENT */;
/*!40101 SET CHARACTER_SET_RESULTS=@OLD_CHARACTER_SET_RESULTS */;
/*!40101 SET COLLATION_CONNECTION=@OLD_COLLATION_CONNECTION */;
/*!40111 SET SQL_NOTES=@OLD_SQL_NOTES */;

-- Dump completed on 2014-08-23  7:59:20
